dataset,id,fold,fold_seed
nafld,7,3,20261009
nafld,9,5,20261009
nafld,21,3,20261009
nafld,28,2,20261009
nafld,32,2,20261009
nafld,41,3,20261009
nafld,49,4,20261009
nafld,52,2,20261009
nafld,65,4,20261009
nafld,73,4,20261009
nafld,109,1,20261009
nafld,135,2,20261009
nafld,140,5,20261009
nafld,150,2,20261009
nafld,154,1,20261009
nafld,157,3,20261009
nafld,158,4,20261009
nafld,165,2,20261009
nafld,171,3,20261009
nafld,172,5,20261009
nafld,178,1,20261009
nafld,203,4,20261009
nafld,235,5,20261009
nafld,238,1,20261009
nafld,245,5,20261009
nafld,247,3,20261009
nafld,251,3,20261009
nafld,275,4,20261009
nafld,280,1,20261009
nafld,300,4,20261009
nafld,304,4,20261009
nafld,305,2,20261009
nafld,332,5,20261009
nafld,336,5,20261009
nafld,342,2,20261009
nafld,357,5,20261009
nafld,365,1,20261009
nafld,393,2,20261009
nafld,402,2,20261009
nafld,429,3,20261009
nafld,447,3,20261009
nafld,466,4,20261009
nafld,475,4,20261009
nafld,508,1,20261009
nafld,543,4,20261009
nafld,545,4,20261009
nafld,547,2,20261009
nafld,549,3,20261009
nafld,552,1,20261009
nafld,574,5,20261009
nafld,576,1,20261009
nafld,577,4,20261009
nafld,586,4,20261009
nafld,602,1,20261009
nafld,611,5,20261009
nafld,630,1,20261009
nafld,661,5,20261009
nafld,662,5,20261009
nafld,667,5,20261009
nafld,697,5,20261009
nafld,713,2,20261009
nafld,718,4,20261009
nafld,736,3,20261009
nafld,737,2,20261009
nafld,757,5,20261009
nafld,781,2,20261009
nafld,827,2,20261009
nafld,828,5,20261009
nafld,852,4,20261009
nafld,874,4,20261009
nafld,879,2,20261009
nafld,933,2,20261009
nafld,934,1,20261009
nafld,954,1,20261009
nafld,995,2,20261009
nafld,997,3,20261009
nafld,1002,1,20261009
nafld,1010,1,20261009
nafld,1011,2,20261009
nafld,1018,3,20261009
nafld,1050,2,20261009
nafld,1071,5,20261009
nafld,1072,2,20261009
nafld,1079,4,20261009
nafld,1087,2,20261009
nafld,1093,4,20261009
nafld,1114,1,20261009
nafld,1136,4,20261009
nafld,1147,2,20261009
nafld,1170,2,20261009
nafld,1189,3,20261009
nafld,1207,1,20261009
nafld,1218,3,20261009
nafld,1241,5,20261009
nafld,1244,5,20261009
nafld,1276,3,20261009
nafld,1306,1,20261009
nafld,1308,4,20261009
nafld,1309,1,20261009
nafld,1314,2,20261009
nafld,1334,4,20261009
nafld,1350,5,20261009
nafld,1359,5,20261009
nafld,1371,5,20261009
nafld,1374,5,20261009
nafld,1390,3,20261009
nafld,1404,3,20261009
nafld,1407,2,20261009
nafld,1421,1,20261009
nafld,1422,3,20261009
nafld,1423,5,20261009
nafld,1428,3,20261009
nafld,1434,3,20261009
nafld,1438,2,20261009
nafld,1441,4,20261009
nafld,1486,1,20261009
nafld,1488,1,20261009
nafld,1502,4,20261009
nafld,1504,4,20261009
nafld,1506,3,20261009
nafld,1527,2,20261009
nafld,1528,2,20261009
nafld,1530,2,20261009
nafld,1543,1,20261009
nafld,1558,1,20261009
nafld,1577,1,20261009
nafld,1578,4,20261009
nafld,1580,2,20261009
nafld,1586,1,20261009
nafld,1613,5,20261009
nafld,1615,3,20261009
nafld,1627,4,20261009
nafld,1628,2,20261009
nafld,1639,5,20261009
nafld,1649,2,20261009
nafld,1691,3,20261009
nafld,1700,3,20261009
nafld,1701,4,20261009
nafld,1711,2,20261009
nafld,1728,4,20261009
nafld,1734,2,20261009
nafld,1741,2,20261009
nafld,1757,4,20261009
nafld,1766,1,20261009
nafld,1773,4,20261009
nafld,1776,2,20261009
nafld,1786,2,20261009
nafld,1821,2,20261009
nafld,1828,1,20261009
nafld,1836,2,20261009
nafld,1855,1,20261009
nafld,1876,2,20261009
nafld,1902,1,20261009
nafld,1909,3,20261009
nafld,1916,5,20261009
nafld,1917,3,20261009
nafld,1918,2,20261009
nafld,1927,2,20261009
nafld,1936,5,20261009
nafld,1945,2,20261009
nafld,1950,2,20261009
nafld,1957,1,20261009
nafld,1977,1,20261009
nafld,1984,5,20261009
nafld,2002,2,20261009
nafld,2007,4,20261009
nafld,2008,2,20261009
nafld,2025,1,20261009
nafld,2028,1,20261009
nafld,2067,2,20261009
nafld,2097,1,20261009
nafld,2099,5,20261009
nafld,2146,2,20261009
nafld,2200,2,20261009
nafld,2201,2,20261009
nafld,2204,1,20261009
nafld,2251,2,20261009
nafld,2290,1,20261009
nafld,2293,4,20261009
nafld,2318,4,20261009
nafld,2332,3,20261009
nafld,2337,3,20261009
nafld,2358,2,20261009
nafld,2378,4,20261009
nafld,2397,2,20261009
nafld,2405,4,20261009
nafld,2410,5,20261009
nafld,2420,5,20261009
nafld,2472,2,20261009
nafld,2473,1,20261009
nafld,2480,1,20261009
nafld,2489,4,20261009
nafld,2515,2,20261009
nafld,2519,1,20261009
nafld,2531,2,20261009
nafld,2544,2,20261009
nafld,2556,3,20261009
nafld,2580,3,20261009
nafld,2590,3,20261009
nafld,2622,5,20261009
nafld,2625,4,20261009
nafld,2626,2,20261009
nafld,2628,4,20261009
nafld,2631,3,20261009
nafld,2651,5,20261009
nafld,2668,4,20261009
nafld,2671,3,20261009
nafld,2690,5,20261009
nafld,2691,5,20261009
nafld,2726,2,20261009
nafld,2727,5,20261009
nafld,2735,4,20261009
nafld,2738,3,20261009
nafld,2756,4,20261009
nafld,2763,4,20261009
nafld,2769,5,20261009
nafld,2774,4,20261009
nafld,2779,4,20261009
nafld,2826,5,20261009
nafld,2828,2,20261009
nafld,2834,4,20261009
nafld,2838,2,20261009
nafld,2857,4,20261009
nafld,2862,3,20261009
nafld,2863,2,20261009
nafld,2869,4,20261009
nafld,2882,3,20261009
nafld,2894,1,20261009
nafld,2902,3,20261009
nafld,2936,3,20261009
nafld,2944,5,20261009
nafld,2950,1,20261009
nafld,2959,5,20261009
nafld,2977,4,20261009
nafld,2978,5,20261009
nafld,2984,2,20261009
nafld,2990,5,20261009
nafld,3013,1,20261009
nafld,3046,2,20261009
nafld,3047,1,20261009
nafld,3056,3,20261009
nafld,3082,3,20261009
nafld,3097,2,20261009
nafld,3107,5,20261009
nafld,3110,3,20261009
nafld,3127,2,20261009
nafld,3130,3,20261009
nafld,3137,1,20261009
nafld,3145,2,20261009
nafld,3156,3,20261009
nafld,3162,3,20261009
nafld,3165,1,20261009
nafld,3169,2,20261009
nafld,3177,2,20261009
nafld,3206,1,20261009
nafld,3224,2,20261009
nafld,3233,3,20261009
nafld,3270,1,20261009
nafld,3273,2,20261009
nafld,3274,5,20261009
nafld,3275,1,20261009
nafld,3277,4,20261009
nafld,3285,5,20261009
nafld,3289,4,20261009
nafld,3307,1,20261009
nafld,3311,5,20261009
nafld,3347,3,20261009
nafld,3360,3,20261009
nafld,3371,3,20261009
nafld,3384,1,20261009
nafld,3388,3,20261009
nafld,3397,1,20261009
nafld,3413,3,20261009
nafld,3419,5,20261009
nafld,3423,1,20261009
nafld,3426,2,20261009
nafld,3429,1,20261009
nafld,3430,4,20261009
nafld,3431,2,20261009
nafld,3445,1,20261009
nafld,3466,5,20261009
nafld,3469,5,20261009
nafld,3472,4,20261009
nafld,3481,2,20261009
nafld,3486,4,20261009
nafld,3501,4,20261009
nafld,3509,2,20261009
nafld,3515,3,20261009
nafld,3535,4,20261009
nafld,3542,2,20261009
nafld,3556,2,20261009
nafld,3560,2,20261009
nafld,3572,4,20261009
nafld,3580,1,20261009
nafld,3583,1,20261009
nafld,3599,2,20261009
nafld,3626,5,20261009
nafld,3630,5,20261009
nafld,3646,1,20261009
nafld,3685,1,20261009
nafld,3696,5,20261009
nafld,3716,4,20261009
nafld,3763,5,20261009
nafld,3776,2,20261009
nafld,3777,5,20261009
nafld,3778,5,20261009
nafld,3793,3,20261009
nafld,3810,5,20261009
nafld,3816,2,20261009
nafld,3817,2,20261009
nafld,3825,2,20261009
nafld,3850,3,20261009
nafld,3852,5,20261009
nafld,3856,3,20261009
nafld,3860,3,20261009
nafld,3872,4,20261009
nafld,3892,3,20261009
nafld,3913,3,20261009
nafld,3916,5,20261009
nafld,3925,2,20261009
nafld,3938,4,20261009
nafld,3978,4,20261009
nafld,3991,5,20261009
nafld,3995,2,20261009
nafld,4033,1,20261009
nafld,4045,4,20261009
nafld,4065,1,20261009
nafld,4074,4,20261009
nafld,4133,3,20261009
nafld,4135,4,20261009
nafld,4146,4,20261009
nafld,4163,2,20261009
nafld,4170,4,20261009
nafld,4172,3,20261009
nafld,4182,2,20261009
nafld,4186,5,20261009
nafld,4237,3,20261009
nafld,4243,2,20261009
nafld,4257,2,20261009
nafld,4275,2,20261009
nafld,4281,3,20261009
nafld,4306,2,20261009
nafld,4312,4,20261009
nafld,4316,5,20261009
nafld,4327,3,20261009
nafld,4330,4,20261009
nafld,4334,2,20261009
nafld,4351,2,20261009
nafld,4368,2,20261009
nafld,4374,2,20261009
nafld,4411,2,20261009
nafld,4413,3,20261009
nafld,4433,4,20261009
nafld,4438,4,20261009
nafld,4444,5,20261009
nafld,4448,4,20261009
nafld,4450,3,20261009
nafld,4481,2,20261009
nafld,4485,4,20261009
nafld,4486,4,20261009
nafld,4491,5,20261009
nafld,4510,2,20261009
nafld,4512,4,20261009
nafld,4536,3,20261009
nafld,4545,5,20261009
nafld,4552,5,20261009
nafld,4573,3,20261009
nafld,4578,3,20261009
nafld,4579,1,20261009
nafld,4584,4,20261009
nafld,4585,1,20261009
nafld,4588,4,20261009
nafld,4590,5,20261009
nafld,4595,2,20261009
nafld,4619,1,20261009
nafld,4632,4,20261009
nafld,4649,5,20261009
nafld,4659,1,20261009
nafld,4679,4,20261009
nafld,4681,2,20261009
nafld,4754,1,20261009
nafld,4760,5,20261009
nafld,4763,2,20261009
nafld,4767,2,20261009
nafld,4768,1,20261009
nafld,4771,1,20261009
nafld,4774,3,20261009
nafld,4779,5,20261009
nafld,4780,4,20261009
nafld,4785,5,20261009
nafld,4806,3,20261009
nafld,4809,1,20261009
nafld,4814,5,20261009
nafld,4826,1,20261009
nafld,4828,5,20261009
nafld,4831,3,20261009
nafld,4834,1,20261009
nafld,4858,1,20261009
nafld,4875,4,20261009
nafld,4879,5,20261009
nafld,4888,2,20261009
nafld,4905,1,20261009
nafld,4913,2,20261009
nafld,4932,2,20261009
nafld,4945,3,20261009
nafld,4947,3,20261009
nafld,4959,4,20261009
nafld,4963,4,20261009
nafld,4966,4,20261009
nafld,4970,4,20261009
nafld,5005,5,20261009
nafld,5014,5,20261009
nafld,5020,4,20261009
nafld,5024,4,20261009
nafld,5056,1,20261009
nafld,5083,4,20261009
nafld,5107,3,20261009
nafld,5152,1,20261009
nafld,5156,5,20261009
nafld,5164,3,20261009
nafld,5176,1,20261009
nafld,5177,3,20261009
nafld,5214,2,20261009
nafld,5217,4,20261009
nafld,5230,2,20261009
nafld,5252,2,20261009
nafld,5270,5,20261009
nafld,5289,4,20261009
nafld,5291,2,20261009
nafld,5293,4,20261009
nafld,5305,5,20261009
nafld,5316,4,20261009
nafld,5333,3,20261009
nafld,5340,2,20261009
nafld,5345,4,20261009
nafld,5360,3,20261009
nafld,5366,4,20261009
nafld,5380,4,20261009
nafld,5383,3,20261009
nafld,5387,4,20261009
nafld,5393,2,20261009
nafld,5406,5,20261009
nafld,5412,4,20261009
nafld,5417,3,20261009
nafld,5422,5,20261009
nafld,5471,5,20261009
nafld,5477,2,20261009
nafld,5490,4,20261009
nafld,5506,4,20261009
nafld,5523,4,20261009
nafld,5552,3,20261009
nafld,5593,1,20261009
nafld,5610,3,20261009
nafld,5625,4,20261009
nafld,5627,3,20261009
nafld,5649,5,20261009
nafld,5652,1,20261009
nafld,5655,5,20261009
nafld,5661,5,20261009
nafld,5669,2,20261009
nafld,5673,4,20261009
nafld,5703,1,20261009
nafld,5705,3,20261009
nafld,5729,3,20261009
nafld,5738,5,20261009
nafld,5739,2,20261009
nafld,5740,4,20261009
nafld,5777,1,20261009
nafld,5787,3,20261009
nafld,5796,5,20261009
nafld,5799,5,20261009
nafld,5803,1,20261009
nafld,5809,4,20261009
nafld,5816,3,20261009
nafld,5831,4,20261009
nafld,5853,2,20261009
nafld,5859,1,20261009
nafld,5865,2,20261009
nafld,5884,3,20261009
nafld,5898,3,20261009
nafld,5904,3,20261009
nafld,5922,4,20261009
nafld,5934,5,20261009
nafld,5935,5,20261009
nafld,5947,2,20261009
nafld,5948,1,20261009
nafld,5951,2,20261009
nafld,5964,2,20261009
nafld,5979,1,20261009
nafld,5984,4,20261009
nafld,6009,5,20261009
nafld,6017,3,20261009
nafld,6026,4,20261009
nafld,6032,3,20261009
nafld,6044,5,20261009
nafld,6049,2,20261009
nafld,6050,5,20261009
nafld,6059,2,20261009
nafld,6063,4,20261009
nafld,6070,5,20261009
nafld,6081,1,20261009
nafld,6093,2,20261009
nafld,6094,4,20261009
nafld,6104,5,20261009
nafld,6108,3,20261009
nafld,6126,3,20261009
nafld,6131,2,20261009
nafld,6135,1,20261009
nafld,6142,3,20261009
nafld,6158,2,20261009
nafld,6176,4,20261009
nafld,6194,3,20261009
nafld,6207,3,20261009
nafld,6219,3,20261009
nafld,6220,5,20261009
nafld,6226,1,20261009
nafld,6227,3,20261009
nafld,6236,4,20261009
nafld,6239,1,20261009
nafld,6253,4,20261009
nafld,6258,4,20261009
nafld,6260,3,20261009
nafld,6270,1,20261009
nafld,6287,5,20261009
nafld,6293,2,20261009
nafld,6321,3,20261009
nafld,6344,3,20261009
nafld,6366,4,20261009
nafld,6367,5,20261009
nafld,6372,1,20261009
nafld,6379,5,20261009
nafld,6387,3,20261009
nafld,6392,2,20261009
nafld,6405,1,20261009
nafld,6416,5,20261009
nafld,6439,5,20261009
nafld,6449,4,20261009
nafld,6454,1,20261009
nafld,6455,3,20261009
nafld,6492,1,20261009
nafld,6495,4,20261009
nafld,6506,5,20261009
nafld,6509,5,20261009
nafld,6517,5,20261009
nafld,6551,4,20261009
nafld,6567,2,20261009
nafld,6571,4,20261009
nafld,6615,1,20261009
nafld,6631,1,20261009
nafld,6632,5,20261009
nafld,6636,1,20261009
nafld,6637,5,20261009
nafld,6644,4,20261009
nafld,6662,2,20261009
nafld,6663,1,20261009
nafld,6667,4,20261009
nafld,6674,3,20261009
nafld,6711,1,20261009
nafld,6724,4,20261009
nafld,6756,5,20261009
nafld,6780,2,20261009
nafld,6781,4,20261009
nafld,6783,5,20261009
nafld,6790,5,20261009
nafld,6799,4,20261009
nafld,6808,1,20261009
nafld,6824,4,20261009
nafld,6827,4,20261009
nafld,6853,5,20261009
nafld,6856,3,20261009
nafld,6861,1,20261009
nafld,6868,1,20261009
nafld,6910,1,20261009
nafld,6923,3,20261009
nafld,6933,4,20261009
nafld,6973,4,20261009
nafld,6978,3,20261009
nafld,6985,5,20261009
nafld,6995,5,20261009
nafld,7011,2,20261009
nafld,7018,2,20261009
nafld,7022,4,20261009
nafld,7024,2,20261009
nafld,7036,3,20261009
nafld,7058,2,20261009
nafld,7063,5,20261009
nafld,7077,3,20261009
nafld,7089,2,20261009
nafld,7091,4,20261009
nafld,7100,4,20261009
nafld,7115,3,20261009
nafld,7129,4,20261009
nafld,7130,3,20261009
nafld,7143,2,20261009
nafld,7148,5,20261009
nafld,7162,4,20261009
nafld,7168,4,20261009
nafld,7221,1,20261009
nafld,7222,3,20261009
nafld,7236,3,20261009
nafld,7253,5,20261009
nafld,7287,5,20261009
nafld,7304,3,20261009
nafld,7312,2,20261009
nafld,7330,4,20261009
nafld,7333,3,20261009
nafld,7339,4,20261009
nafld,7349,1,20261009
nafld,7354,4,20261009
nafld,7362,2,20261009
nafld,7383,3,20261009
nafld,7389,1,20261009
nafld,7398,3,20261009
nafld,7412,3,20261009
nafld,7424,3,20261009
nafld,7446,3,20261009
nafld,7452,4,20261009
nafld,7458,3,20261009
nafld,7466,2,20261009
nafld,7472,5,20261009
nafld,7486,2,20261009
nafld,7489,2,20261009
nafld,7500,1,20261009
nafld,7508,5,20261009
nafld,7518,1,20261009
nafld,7526,1,20261009
nafld,7528,1,20261009
nafld,7536,2,20261009
nafld,7543,3,20261009
nafld,7544,3,20261009
nafld,7566,2,20261009
nafld,7570,5,20261009
nafld,7580,5,20261009
nafld,7605,5,20261009
nafld,7610,2,20261009
nafld,7612,4,20261009
nafld,7624,2,20261009
nafld,7656,3,20261009
nafld,7671,1,20261009
nafld,7675,1,20261009
nafld,7682,4,20261009
nafld,7693,5,20261009
nafld,7707,4,20261009
nafld,7720,2,20261009
nafld,7743,3,20261009
nafld,7744,4,20261009
nafld,7745,1,20261009
nafld,7750,5,20261009
nafld,7774,5,20261009
nafld,7824,5,20261009
nafld,7826,5,20261009
nafld,7835,2,20261009
nafld,7836,4,20261009
nafld,7856,4,20261009
nafld,7857,5,20261009
nafld,7858,4,20261009
nafld,7869,1,20261009
nafld,7872,1,20261009
nafld,7879,1,20261009
nafld,7880,5,20261009
nafld,7902,3,20261009
nafld,7903,5,20261009
nafld,7909,4,20261009
nafld,7926,4,20261009
nafld,7949,3,20261009
nafld,7975,1,20261009
nafld,7976,1,20261009
nafld,7978,4,20261009
nafld,7990,5,20261009
nafld,8003,3,20261009
nafld,8006,5,20261009
nafld,8014,2,20261009
nafld,8029,1,20261009
nafld,8030,4,20261009
nafld,8040,1,20261009
nafld,8046,1,20261009
nafld,8050,2,20261009
nafld,8054,1,20261009
nafld,8061,1,20261009
nafld,8064,1,20261009
nafld,8069,4,20261009
nafld,8074,3,20261009
nafld,8075,5,20261009
nafld,8080,3,20261009
nafld,8098,3,20261009
nafld,8114,4,20261009
nafld,8127,5,20261009
nafld,8161,2,20261009
nafld,8181,4,20261009
nafld,8183,1,20261009
nafld,8190,4,20261009
nafld,8199,5,20261009
nafld,8207,1,20261009
nafld,8226,5,20261009
nafld,8228,1,20261009
nafld,8230,4,20261009
nafld,8234,3,20261009
nafld,8268,2,20261009
nafld,8277,5,20261009
nafld,8279,2,20261009
nafld,8282,1,20261009
nafld,8284,2,20261009
nafld,8298,2,20261009
nafld,8320,5,20261009
nafld,8322,2,20261009
nafld,8324,1,20261009
nafld,8326,4,20261009
nafld,8336,2,20261009
nafld,8337,3,20261009
nafld,8338,5,20261009
nafld,8363,3,20261009
nafld,8367,3,20261009
nafld,8368,4,20261009
nafld,8371,3,20261009
nafld,8376,4,20261009
nafld,8380,5,20261009
nafld,8382,4,20261009
nafld,8397,3,20261009
nafld,8449,3,20261009
nafld,8490,1,20261009
nafld,8506,2,20261009
nafld,8519,3,20261009
nafld,8534,5,20261009
nafld,8553,2,20261009
nafld,8575,2,20261009
nafld,8598,3,20261009
nafld,8601,1,20261009
nafld,8618,4,20261009
nafld,8642,3,20261009
nafld,8673,1,20261009
nafld,8679,2,20261009
nafld,8695,5,20261009
nafld,8698,3,20261009
nafld,8710,3,20261009
nafld,8720,1,20261009
nafld,8733,1,20261009
nafld,8756,5,20261009
nafld,8768,3,20261009
nafld,8788,2,20261009
nafld,8796,2,20261009
nafld,8800,5,20261009
nafld,8801,1,20261009
nafld,8816,5,20261009
nafld,8828,3,20261009
nafld,8829,1,20261009
nafld,8875,4,20261009
nafld,8879,1,20261009
nafld,8900,5,20261009
nafld,8914,3,20261009
nafld,8940,4,20261009
nafld,8951,3,20261009
nafld,8956,2,20261009
nafld,8960,3,20261009
nafld,8966,5,20261009
nafld,8979,3,20261009
nafld,8984,1,20261009
nafld,9013,4,20261009
nafld,9015,2,20261009
nafld,9032,1,20261009
nafld,9067,4,20261009
nafld,9069,5,20261009
nafld,9086,5,20261009
nafld,9090,4,20261009
nafld,9109,3,20261009
nafld,9114,2,20261009
nafld,9128,5,20261009
nafld,9144,3,20261009
nafld,9145,1,20261009
nafld,9179,3,20261009
nafld,9183,4,20261009
nafld,9189,1,20261009
nafld,9207,5,20261009
nafld,9232,2,20261009
nafld,9235,4,20261009
nafld,9244,5,20261009
nafld,9253,3,20261009
nafld,9276,2,20261009
nafld,9278,5,20261009
nafld,9280,2,20261009
nafld,9284,2,20261009
nafld,9306,1,20261009
nafld,9314,3,20261009
nafld,9317,2,20261009
nafld,9324,3,20261009
nafld,9331,1,20261009
nafld,9348,4,20261009
nafld,9350,3,20261009
nafld,9402,1,20261009
nafld,9409,2,20261009
nafld,9416,1,20261009
nafld,9421,3,20261009
nafld,9422,4,20261009
nafld,9429,5,20261009
nafld,9430,1,20261009
nafld,9440,1,20261009
nafld,9442,3,20261009
nafld,9463,1,20261009
nafld,9466,1,20261009
nafld,9467,4,20261009
nafld,9471,2,20261009
nafld,9491,3,20261009
nafld,9498,3,20261009
nafld,9509,1,20261009
nafld,9515,4,20261009
nafld,9558,4,20261009
nafld,9560,4,20261009
nafld,9562,2,20261009
nafld,9582,4,20261009
nafld,9609,5,20261009
nafld,9613,2,20261009
nafld,9615,3,20261009
nafld,9641,1,20261009
nafld,9646,4,20261009
nafld,9654,2,20261009
nafld,9657,2,20261009
nafld,9680,5,20261009
nafld,9685,1,20261009
nafld,9707,4,20261009
nafld,9729,1,20261009
nafld,9737,3,20261009
nafld,9762,5,20261009
nafld,9769,1,20261009
nafld,9778,1,20261009
nafld,9783,5,20261009
nafld,9785,5,20261009
nafld,9788,2,20261009
nafld,9843,3,20261009
nafld,9855,3,20261009
nafld,9862,4,20261009
nafld,9867,1,20261009
nafld,9888,5,20261009
nafld,9891,5,20261009
nafld,9918,3,20261009
nafld,9929,2,20261009
nafld,9953,1,20261009
nafld,9984,1,20261009
nafld,9998,1,20261009
nafld,10014,5,20261009
nafld,10015,4,20261009
nafld,10037,4,20261009
nafld,10053,2,20261009
nafld,10060,2,20261009
nafld,10065,4,20261009
nafld,10067,3,20261009
nafld,10071,5,20261009
nafld,10087,5,20261009
nafld,10093,4,20261009
nafld,10098,4,20261009
nafld,10103,2,20261009
nafld,10104,3,20261009
nafld,10131,1,20261009
nafld,10145,4,20261009
nafld,10163,4,20261009
nafld,10168,3,20261009
nafld,10175,1,20261009
nafld,10177,2,20261009
nafld,10227,3,20261009
nafld,10231,3,20261009
nafld,10241,5,20261009
nafld,10242,1,20261009
nafld,10249,3,20261009
nafld,10257,5,20261009
nafld,10263,5,20261009
nafld,10270,3,20261009
nafld,10278,4,20261009
nafld,10280,4,20261009
nafld,10290,5,20261009
nafld,10296,3,20261009
nafld,10303,4,20261009
nafld,10323,4,20261009
nafld,10331,5,20261009
nafld,10335,1,20261009
nafld,10338,2,20261009
nafld,10348,1,20261009
nafld,10363,1,20261009
nafld,10376,3,20261009
nafld,10387,3,20261009
nafld,10393,1,20261009
nafld,10399,5,20261009
nafld,10400,5,20261009
nafld,10406,2,20261009
nafld,10412,5,20261009
nafld,10428,1,20261009
nafld,10434,4,20261009
nafld,10474,1,20261009
nafld,10480,3,20261009
nafld,10495,3,20261009
nafld,10503,5,20261009
nafld,10505,1,20261009
nafld,10541,5,20261009
nafld,10556,5,20261009
nafld,10561,3,20261009
nafld,10573,4,20261009
nafld,10583,3,20261009
nafld,10593,3,20261009
nafld,10595,3,20261009
nafld,10602,1,20261009
nafld,10626,2,20261009
nafld,10637,1,20261009
nafld,10639,3,20261009
nafld,10647,5,20261009
nafld,10655,5,20261009
nafld,10665,4,20261009
nafld,10670,5,20261009
nafld,10693,5,20261009
nafld,10695,4,20261009
nafld,10697,2,20261009
nafld,10701,1,20261009
nafld,10708,5,20261009
nafld,10710,1,20261009
nafld,10715,3,20261009
nafld,10717,2,20261009
nafld,10761,4,20261009
nafld,10815,2,20261009
nafld,10820,2,20261009
nafld,10822,3,20261009
nafld,10829,5,20261009
nafld,10836,5,20261009
nafld,10848,5,20261009
nafld,10853,1,20261009
nafld,10857,2,20261009
nafld,10863,1,20261009
nafld,10869,1,20261009
nafld,10872,5,20261009
nafld,10878,1,20261009
nafld,10893,4,20261009
nafld,10922,2,20261009
nafld,10929,3,20261009
nafld,10932,1,20261009
nafld,10945,3,20261009
nafld,11000,2,20261009
nafld,11006,1,20261009
nafld,11031,5,20261009
nafld,11058,3,20261009
nafld,11073,3,20261009
nafld,11074,3,20261009
nafld,11075,2,20261009
nafld,11096,2,20261009
nafld,11097,3,20261009
nafld,11115,1,20261009
nafld,11116,4,20261009
nafld,11118,1,20261009
nafld,11129,2,20261009
nafld,11140,4,20261009
nafld,11144,1,20261009
nafld,11155,5,20261009
nafld,11173,2,20261009
nafld,11207,5,20261009
nafld,11228,1,20261009
nafld,11240,5,20261009
nafld,11246,4,20261009
nafld,11263,5,20261009
nafld,11273,4,20261009
nafld,11280,1,20261009
nafld,11281,3,20261009
nafld,11284,1,20261009
nafld,11300,4,20261009
nafld,11312,1,20261009
nafld,11315,5,20261009
nafld,11321,5,20261009
nafld,11322,3,20261009
nafld,11325,4,20261009
nafld,11326,4,20261009
nafld,11328,4,20261009
nafld,11331,4,20261009
nafld,11339,3,20261009
nafld,11356,3,20261009
nafld,11365,5,20261009
nafld,11376,5,20261009
nafld,11386,2,20261009
nafld,11415,4,20261009
nafld,11423,3,20261009
nafld,11425,4,20261009
nafld,11462,1,20261009
nafld,11463,5,20261009
nafld,11470,4,20261009
nafld,11481,2,20261009
nafld,11506,5,20261009
nafld,11508,1,20261009
nafld,11515,5,20261009
nafld,11519,3,20261009
nafld,11521,5,20261009
nafld,11538,1,20261009
nafld,11561,3,20261009
nafld,11569,1,20261009
nafld,11573,3,20261009
nafld,11583,3,20261009
nafld,11595,3,20261009
nafld,11618,1,20261009
nafld,11624,1,20261009
nafld,11634,3,20261009
nafld,11638,3,20261009
nafld,11661,2,20261009
nafld,11670,5,20261009
nafld,11693,3,20261009
nafld,11695,4,20261009
nafld,11715,5,20261009
nafld,11726,4,20261009
nafld,11752,2,20261009
nafld,11763,5,20261009
nafld,11770,3,20261009
nafld,11789,3,20261009
nafld,11791,2,20261009
nafld,11803,1,20261009
nafld,11809,3,20261009
nafld,11810,3,20261009
nafld,11823,4,20261009
nafld,11831,2,20261009
nafld,11856,1,20261009
nafld,11872,4,20261009
nafld,11875,1,20261009
nafld,11901,2,20261009
nafld,11910,5,20261009
nafld,11911,3,20261009
nafld,11923,2,20261009
nafld,11938,1,20261009
nafld,11967,2,20261009
nafld,11986,2,20261009
nafld,11987,1,20261009
nafld,11988,4,20261009
nafld,11991,5,20261009
nafld,11995,4,20261009
nafld,11999,2,20261009
nafld,12000,1,20261009
nafld,12025,3,20261009
nafld,12028,5,20261009
nafld,12031,3,20261009
nafld,12042,5,20261009
nafld,12052,5,20261009
nafld,12053,5,20261009
nafld,12061,5,20261009
nafld,12068,4,20261009
nafld,12081,5,20261009
nafld,12082,5,20261009
nafld,12087,3,20261009
nafld,12089,2,20261009
nafld,12091,2,20261009
nafld,12097,1,20261009
nafld,12100,2,20261009
nafld,12116,1,20261009
nafld,12133,4,20261009
nafld,12178,2,20261009
nafld,12195,1,20261009
nafld,12210,5,20261009
nafld,12236,1,20261009
nafld,12240,2,20261009
nafld,12244,1,20261009
nafld,12246,3,20261009
nafld,12274,2,20261009
nafld,12287,4,20261009
nafld,12319,5,20261009
nafld,12345,5,20261009
nafld,12356,5,20261009
nafld,12400,2,20261009
nafld,12430,5,20261009
nafld,12493,3,20261009
nafld,12504,3,20261009
nafld,12514,1,20261009
nafld,12523,3,20261009
nafld,12527,5,20261009
nafld,12535,2,20261009
nafld,12543,4,20261009
nafld,12544,5,20261009
nafld,12553,3,20261009
nafld,12569,1,20261009
nafld,12583,3,20261009
nafld,12592,2,20261009
nafld,12667,5,20261009
nafld,12679,2,20261009
nafld,12681,1,20261009
nafld,12684,1,20261009
nafld,12713,3,20261009
nafld,12722,2,20261009
nafld,12727,1,20261009
nafld,12757,4,20261009
nafld,12760,4,20261009
nafld,12785,2,20261009
nafld,12798,5,20261009
nafld,12800,2,20261009
nafld,12837,2,20261009
nafld,12863,5,20261009
nafld,12865,1,20261009
nafld,12867,2,20261009
nafld,12869,5,20261009
nafld,12873,4,20261009
nafld,12876,4,20261009
nafld,12879,5,20261009
nafld,12891,2,20261009
nafld,12900,5,20261009
nafld,12906,3,20261009
nafld,12909,4,20261009
nafld,12911,4,20261009
nafld,12929,2,20261009
nafld,12932,4,20261009
nafld,12938,1,20261009
nafld,12939,4,20261009
nafld,12970,1,20261009
nafld,12977,2,20261009
nafld,12982,1,20261009
nafld,13010,2,20261009
nafld,13011,1,20261009
nafld,13019,1,20261009
nafld,13026,1,20261009
nafld,13049,3,20261009
nafld,13060,5,20261009
nafld,13069,5,20261009
nafld,13103,4,20261009
nafld,13119,3,20261009
nafld,13130,3,20261009
nafld,13136,5,20261009
nafld,13140,4,20261009
nafld,13159,2,20261009
nafld,13172,1,20261009
nafld,13197,3,20261009
nafld,13199,1,20261009
nafld,13204,2,20261009
nafld,13224,2,20261009
nafld,13226,3,20261009
nafld,13228,2,20261009
nafld,13230,1,20261009
nafld,13253,5,20261009
nafld,13256,5,20261009
nafld,13266,2,20261009
nafld,13288,3,20261009
nafld,13303,5,20261009
nafld,13317,2,20261009
nafld,13328,2,20261009
nafld,13374,2,20261009
nafld,13381,1,20261009
nafld,13407,2,20261009
nafld,13409,2,20261009
nafld,13426,2,20261009
nafld,13429,1,20261009
nafld,13440,3,20261009
nafld,13441,3,20261009
nafld,13445,3,20261009
nafld,13450,1,20261009
nafld,13471,1,20261009
nafld,13496,3,20261009
nafld,13527,4,20261009
nafld,13540,3,20261009
nafld,13542,3,20261009
nafld,13547,1,20261009
nafld,13558,5,20261009
nafld,13569,3,20261009
nafld,13574,1,20261009
nafld,13592,5,20261009
nafld,13622,2,20261009
nafld,13624,4,20261009
nafld,13627,2,20261009
nafld,13639,4,20261009
nafld,13658,3,20261009
nafld,13677,2,20261009
nafld,13681,3,20261009
nafld,13692,1,20261009
nafld,13707,2,20261009
nafld,13711,1,20261009
nafld,13725,5,20261009
nafld,13728,3,20261009
nafld,13730,4,20261009
nafld,13731,5,20261009
nafld,13746,2,20261009
nafld,13755,3,20261009
nafld,13781,2,20261009
nafld,13796,4,20261009
nafld,13810,2,20261009
nafld,13812,4,20261009
nafld,13857,4,20261009
nafld,13893,5,20261009
nafld,13910,5,20261009
nafld,13911,2,20261009
nafld,13918,4,20261009
nafld,13932,4,20261009
nafld,13935,3,20261009
nafld,13936,4,20261009
nafld,13959,5,20261009
nafld,13971,1,20261009
nafld,13977,5,20261009
nafld,13985,4,20261009
nafld,14005,4,20261009
nafld,14009,5,20261009
nafld,14020,3,20261009
nafld,14024,3,20261009
nafld,14029,1,20261009
nafld,14036,3,20261009
nafld,14039,5,20261009
nafld,14048,3,20261009
nafld,14054,2,20261009
nafld,14069,3,20261009
nafld,14083,4,20261009
nafld,14097,1,20261009
nafld,14103,2,20261009
nafld,14107,2,20261009
nafld,14114,5,20261009
nafld,14143,2,20261009
nafld,14144,1,20261009
nafld,14150,3,20261009
nafld,14157,2,20261009
nafld,14159,1,20261009
nafld,14162,2,20261009
nafld,14176,5,20261009
nafld,14178,3,20261009
nafld,14187,5,20261009
nafld,14198,4,20261009
nafld,14228,4,20261009
nafld,14231,1,20261009
nafld,14242,1,20261009
nafld,14272,5,20261009
nafld,14325,5,20261009
nafld,14330,4,20261009
nafld,14332,1,20261009
nafld,14343,1,20261009
nafld,14351,4,20261009
nafld,14380,4,20261009
nafld,14405,4,20261009
nafld,14411,2,20261009
nafld,14427,3,20261009
nafld,14435,1,20261009
nafld,14447,3,20261009
nafld,14450,4,20261009
nafld,14460,2,20261009
nafld,14462,5,20261009
nafld,14481,3,20261009
nafld,14487,3,20261009
nafld,14492,1,20261009
nafld,14513,1,20261009
nafld,14534,3,20261009
nafld,14539,2,20261009
nafld,14551,4,20261009
nafld,14559,1,20261009
nafld,14575,4,20261009
nafld,14591,5,20261009
nafld,14593,5,20261009
nafld,14614,2,20261009
nafld,14628,2,20261009
nafld,14633,3,20261009
nafld,14644,3,20261009
nafld,14647,1,20261009
nafld,14653,2,20261009
nafld,14672,1,20261009
nafld,14733,5,20261009
nafld,14738,1,20261009
nafld,14743,4,20261009
nafld,14749,5,20261009
nafld,14752,3,20261009
nafld,14791,2,20261009
nafld,14798,2,20261009
nafld,14814,1,20261009
nafld,14818,3,20261009
nafld,14829,5,20261009
nafld,14831,4,20261009
nafld,14845,5,20261009
nafld,14846,1,20261009
nafld,14851,2,20261009
nafld,14852,5,20261009
nafld,14853,3,20261009
nafld,14870,5,20261009
nafld,14906,1,20261009
nafld,14913,5,20261009
nafld,14923,3,20261009
nafld,14935,3,20261009
nafld,14942,5,20261009
nafld,14958,5,20261009
nafld,14967,4,20261009
nafld,14969,1,20261009
nafld,14983,4,20261009
nafld,14986,2,20261009
nafld,14993,5,20261009
nafld,15004,3,20261009
nafld,15017,5,20261009
nafld,15022,1,20261009
nafld,15027,5,20261009
nafld,15028,4,20261009
nafld,15037,1,20261009
nafld,15067,1,20261009
nafld,15116,4,20261009
nafld,15117,4,20261009
nafld,15133,5,20261009
nafld,15145,4,20261009
nafld,15146,3,20261009
nafld,15158,1,20261009
nafld,15161,1,20261009
nafld,15174,4,20261009
nafld,15176,4,20261009
nafld,15215,2,20261009
nafld,15226,2,20261009
nafld,15227,3,20261009
nafld,15231,5,20261009
nafld,15251,3,20261009
nafld,15255,1,20261009
nafld,15256,5,20261009
nafld,15310,1,20261009
nafld,15317,2,20261009
nafld,15330,2,20261009
nafld,15334,3,20261009
nafld,15340,2,20261009
nafld,15346,2,20261009
nafld,15364,4,20261009
nafld,15368,2,20261009
nafld,15382,1,20261009
nafld,15384,1,20261009
nafld,15387,4,20261009
nafld,15400,1,20261009
nafld,15411,1,20261009
nafld,15420,5,20261009
nafld,15422,5,20261009
nafld,15428,2,20261009
nafld,15446,5,20261009
nafld,15452,1,20261009
nafld,15453,5,20261009
nafld,15477,2,20261009
nafld,15483,2,20261009
nafld,15487,2,20261009
nafld,15514,4,20261009
nafld,15526,3,20261009
nafld,15539,4,20261009
nafld,15546,2,20261009
nafld,15548,4,20261009
nafld,15575,3,20261009
nafld,15580,2,20261009
nafld,15589,5,20261009
nafld,15590,2,20261009
nafld,15613,1,20261009
nafld,15617,4,20261009
nafld,15622,3,20261009
nafld,15629,2,20261009
nafld,15666,3,20261009
nafld,15667,3,20261009
nafld,15673,5,20261009
nafld,15678,4,20261009
nafld,15686,2,20261009
nafld,15687,1,20261009
nafld,15718,1,20261009
nafld,15729,5,20261009
nafld,15735,5,20261009
nafld,15745,4,20261009
nafld,15746,2,20261009
nafld,15747,5,20261009
nafld,15751,5,20261009
nafld,15766,3,20261009
nafld,15776,2,20261009
nafld,15778,1,20261009
nafld,15789,3,20261009
nafld,15791,5,20261009
nafld,15805,4,20261009
nafld,15825,2,20261009
nafld,15869,3,20261009
nafld,15873,1,20261009
nafld,15874,4,20261009
nafld,15886,5,20261009
nafld,15897,3,20261009
nafld,15898,4,20261009
nafld,15924,1,20261009
nafld,15925,3,20261009
nafld,15927,2,20261009
nafld,15929,2,20261009
nafld,15937,5,20261009
nafld,15938,1,20261009
nafld,15939,5,20261009
nafld,15968,1,20261009
nafld,15992,3,20261009
nafld,15993,5,20261009
nafld,15995,4,20261009
nafld,15999,5,20261009
nafld,16002,3,20261009
nafld,16019,4,20261009
nafld,16023,4,20261009
nafld,16026,1,20261009
nafld,16038,1,20261009
nafld,16049,4,20261009
nafld,16054,2,20261009
nafld,16059,1,20261009
nafld,16063,1,20261009
nafld,16065,1,20261009
nafld,16084,3,20261009
nafld,16087,5,20261009
nafld,16105,3,20261009
nafld,16117,2,20261009
nafld,16127,1,20261009
nafld,16137,3,20261009
nafld,16138,4,20261009
nafld,16143,3,20261009
nafld,16149,2,20261009
nafld,16186,3,20261009
nafld,16188,1,20261009
nafld,16191,3,20261009
nafld,16204,1,20261009
nafld,16206,1,20261009
nafld,16217,1,20261009
nafld,16220,4,20261009
nafld,16229,1,20261009
nafld,16251,1,20261009
nafld,16269,5,20261009
nafld,16285,5,20261009
nafld,16321,3,20261009
nafld,16334,4,20261009
nafld,16361,2,20261009
nafld,16362,1,20261009
nafld,16411,3,20261009
nafld,16413,3,20261009
nafld,16424,5,20261009
nafld,16458,4,20261009
nafld,16461,5,20261009
nafld,16538,2,20261009
nafld,16544,3,20261009
nafld,16581,5,20261009
nafld,16600,1,20261009
nafld,16605,1,20261009
nafld,16612,3,20261009
nafld,16620,3,20261009
nafld,16622,2,20261009
nafld,16626,1,20261009
nafld,16640,4,20261009
nafld,16650,4,20261009
nafld,16669,4,20261009
nafld,16676,1,20261009
nafld,16687,2,20261009
nafld,16697,2,20261009
nafld,16701,1,20261009
nafld,16724,3,20261009
nafld,16735,5,20261009
nafld,16741,5,20261009
nafld,16748,4,20261009
nafld,16762,1,20261009
nafld,16776,5,20261009
nafld,16782,5,20261009
nafld,16786,3,20261009
nafld,16791,1,20261009
nafld,16800,5,20261009
nafld,16829,4,20261009
nafld,16838,2,20261009
nafld,16852,4,20261009
nafld,16854,1,20261009
nafld,16855,4,20261009
nafld,16856,2,20261009
nafld,16862,3,20261009
nafld,16871,4,20261009
nafld,16879,2,20261009
nafld,16886,4,20261009
nafld,16908,3,20261009
nafld,16915,2,20261009
nafld,16916,2,20261009
nafld,16918,3,20261009
nafld,16932,4,20261009
nafld,16935,2,20261009
nafld,16951,3,20261009
nafld,16962,1,20261009
nafld,16966,4,20261009
nafld,16978,1,20261009
nafld,16991,3,20261009
nafld,16996,2,20261009
nafld,17002,3,20261009
nafld,17020,2,20261009
nafld,17100,1,20261009
nafld,17109,5,20261009
nafld,17138,5,20261009
nafld,17167,2,20261009
nafld,17184,5,20261009
nafld,17195,3,20261009
nafld,17209,2,20261009
nafld,17213,4,20261009
nafld,17231,4,20261009
nafld,17238,2,20261009
nafld,17268,4,20261009
nafld,17280,1,20261009
nafld,17282,1,20261009
nafld,17283,1,20261009
nafld,17286,5,20261009
nafld,17291,4,20261009
nafld,17320,2,20261009
nafld,17327,1,20261009
nafld,17331,2,20261009
nafld,17367,1,20261009
nafld,17387,5,20261009
nafld,17396,2,20261009
nafld,17407,5,20261009
nafld,17409,1,20261009
nafld,17418,2,20261009
nafld,17428,4,20261009
nafld,17441,3,20261009
nafld,17451,2,20261009
nafld,17460,1,20261009
nafld,17462,2,20261009
nafld,17479,4,20261009
nafld,17481,3,20261009
nafld,17489,1,20261009
nafld,17494,2,20261009
nafld,17504,4,20261009
nafld,17509,3,20261009
nafld,17545,3,20261009
nafld,1,1,20261009
nafld,4,1,20261009
nafld,13,4,20261009
nafld,29,4,20261009
nafld,60,1,20261009
nafld,63,2,20261009
nafld,77,4,20261009
nafld,100,1,20261009
nafld,103,5,20261009
nafld,118,5,20261009
nafld,126,2,20261009
nafld,137,3,20261009
nafld,162,2,20261009
nafld,168,3,20261009
nafld,180,5,20261009
nafld,193,2,20261009
nafld,206,3,20261009
nafld,224,4,20261009
nafld,229,2,20261009
nafld,233,3,20261009
nafld,237,3,20261009
nafld,248,3,20261009
nafld,255,3,20261009
nafld,263,1,20261009
nafld,271,2,20261009
nafld,277,3,20261009
nafld,285,3,20261009
nafld,287,4,20261009
nafld,294,4,20261009
nafld,310,5,20261009
nafld,311,5,20261009
nafld,335,1,20261009
nafld,344,5,20261009
nafld,360,3,20261009
nafld,361,4,20261009
nafld,367,2,20261009
nafld,376,4,20261009
nafld,400,1,20261009
nafld,420,5,20261009
nafld,425,4,20261009
nafld,427,3,20261009
nafld,428,1,20261009
nafld,445,4,20261009
nafld,452,1,20261009
nafld,455,3,20261009
nafld,462,1,20261009
nafld,465,4,20261009
nafld,507,3,20261009
nafld,517,5,20261009
nafld,520,3,20261009
nafld,522,4,20261009
nafld,533,1,20261009
nafld,538,2,20261009
nafld,540,4,20261009
nafld,541,2,20261009
nafld,589,4,20261009
nafld,593,5,20261009
nafld,599,4,20261009
nafld,604,2,20261009
nafld,629,1,20261009
nafld,635,2,20261009
nafld,642,2,20261009
nafld,664,2,20261009
nafld,675,4,20261009
nafld,681,4,20261009
nafld,687,1,20261009
nafld,706,3,20261009
nafld,711,3,20261009
nafld,712,2,20261009
nafld,714,2,20261009
nafld,715,3,20261009
nafld,741,4,20261009
nafld,748,2,20261009
nafld,764,1,20261009
nafld,805,3,20261009
nafld,807,5,20261009
nafld,818,3,20261009
nafld,819,4,20261009
nafld,832,4,20261009
nafld,833,3,20261009
nafld,835,3,20261009
nafld,849,2,20261009
nafld,851,1,20261009
nafld,858,3,20261009
nafld,866,4,20261009
nafld,868,2,20261009
nafld,880,4,20261009
nafld,890,2,20261009
nafld,891,2,20261009
nafld,893,2,20261009
nafld,917,2,20261009
nafld,930,3,20261009
nafld,948,5,20261009
nafld,960,1,20261009
nafld,961,5,20261009
nafld,968,2,20261009
nafld,969,4,20261009
nafld,988,5,20261009
nafld,1000,3,20261009
nafld,1027,1,20261009
nafld,1030,5,20261009
nafld,1036,1,20261009
nafld,1052,5,20261009
nafld,1056,2,20261009
nafld,1081,5,20261009
nafld,1099,3,20261009
nafld,1106,5,20261009
nafld,1116,2,20261009
nafld,1119,5,20261009
nafld,1131,1,20261009
nafld,1140,4,20261009
nafld,1159,1,20261009
nafld,1160,3,20261009
nafld,1205,4,20261009
nafld,1237,3,20261009
nafld,1238,2,20261009
nafld,1242,5,20261009
nafld,1265,1,20261009
nafld,1277,4,20261009
nafld,1284,5,20261009
nafld,1285,2,20261009
nafld,1293,2,20261009
nafld,1294,1,20261009
nafld,1300,5,20261009
nafld,1315,2,20261009
nafld,1324,2,20261009
nafld,1331,3,20261009
nafld,1339,3,20261009
nafld,1346,5,20261009
nafld,1364,3,20261009
nafld,1367,2,20261009
nafld,1372,5,20261009
nafld,1373,1,20261009
nafld,1384,5,20261009
nafld,1408,5,20261009
nafld,1425,4,20261009
nafld,1458,1,20261009
nafld,1460,4,20261009
nafld,1474,5,20261009
nafld,1499,4,20261009
nafld,1522,5,20261009
nafld,1549,1,20261009
nafld,1583,4,20261009
nafld,1592,2,20261009
nafld,1594,3,20261009
nafld,1601,5,20261009
nafld,1604,3,20261009
nafld,1606,5,20261009
nafld,1626,2,20261009
nafld,1665,5,20261009
nafld,1706,2,20261009
nafld,1716,5,20261009
nafld,1735,3,20261009
nafld,1738,4,20261009
nafld,1742,1,20261009
nafld,1749,3,20261009
nafld,1762,2,20261009
nafld,1782,3,20261009
nafld,1794,5,20261009
nafld,1803,5,20261009
nafld,1818,3,20261009
nafld,1844,4,20261009
nafld,1849,2,20261009
nafld,1862,2,20261009
nafld,1867,5,20261009
nafld,1895,1,20261009
nafld,1901,5,20261009
nafld,1905,2,20261009
nafld,1907,2,20261009
nafld,1911,4,20261009
nafld,1912,3,20261009
nafld,1913,5,20261009
nafld,1938,3,20261009
nafld,1953,4,20261009
nafld,1958,1,20261009
nafld,1961,5,20261009
nafld,1971,3,20261009
nafld,1988,3,20261009
nafld,1994,3,20261009
nafld,2020,2,20261009
nafld,2021,5,20261009
nafld,2052,4,20261009
nafld,2055,5,20261009
nafld,2081,4,20261009
nafld,2111,5,20261009
nafld,2113,5,20261009
nafld,2140,3,20261009
nafld,2141,5,20261009
nafld,2143,5,20261009
nafld,2157,2,20261009
nafld,2207,3,20261009
nafld,2215,4,20261009
nafld,2217,3,20261009
nafld,2233,1,20261009
nafld,2235,3,20261009
nafld,2237,2,20261009
nafld,2255,4,20261009
nafld,2257,1,20261009
nafld,2276,1,20261009
nafld,2283,5,20261009
nafld,2297,2,20261009
nafld,2298,2,20261009
nafld,2302,4,20261009
nafld,2303,3,20261009
nafld,2315,5,20261009
nafld,2325,3,20261009
nafld,2329,3,20261009
nafld,2346,1,20261009
nafld,2355,3,20261009
nafld,2366,1,20261009
nafld,2376,1,20261009
nafld,2383,5,20261009
nafld,2403,1,20261009
nafld,2435,1,20261009
nafld,2441,1,20261009
nafld,2444,3,20261009
nafld,2453,5,20261009
nafld,2455,5,20261009
nafld,2474,5,20261009
nafld,2491,2,20261009
nafld,2494,5,20261009
nafld,2506,3,20261009
nafld,2521,4,20261009
nafld,2547,3,20261009
nafld,2549,3,20261009
nafld,2561,3,20261009
nafld,2586,4,20261009
nafld,2603,5,20261009
nafld,2610,1,20261009
nafld,2636,3,20261009
nafld,2650,2,20261009
nafld,2675,2,20261009
nafld,2709,1,20261009
nafld,2722,1,20261009
nafld,2724,1,20261009
nafld,2729,2,20261009
nafld,2743,1,20261009
nafld,2753,5,20261009
nafld,2771,4,20261009
nafld,2784,1,20261009
nafld,2801,4,20261009
nafld,2806,1,20261009
nafld,2812,2,20261009
nafld,2827,5,20261009
nafld,2837,1,20261009
nafld,2842,3,20261009
nafld,2865,3,20261009
nafld,2872,4,20261009
nafld,2873,3,20261009
nafld,2876,1,20261009
nafld,2880,1,20261009
nafld,2900,3,20261009
nafld,2916,2,20261009
nafld,2919,4,20261009
nafld,2925,1,20261009
nafld,2932,4,20261009
nafld,2943,4,20261009
nafld,2957,2,20261009
nafld,2960,4,20261009
nafld,2970,1,20261009
nafld,2971,2,20261009
nafld,2981,1,20261009
nafld,2992,5,20261009
nafld,3003,4,20261009
nafld,3010,3,20261009
nafld,3022,2,20261009
nafld,3033,3,20261009
nafld,3039,5,20261009
nafld,3053,1,20261009
nafld,3055,2,20261009
nafld,3058,2,20261009
nafld,3067,4,20261009
nafld,3084,2,20261009
nafld,3092,1,20261009
nafld,3104,5,20261009
nafld,3111,2,20261009
nafld,3112,1,20261009
nafld,3114,5,20261009
nafld,3115,2,20261009
nafld,3119,2,20261009
nafld,3122,3,20261009
nafld,3124,3,20261009
nafld,3138,2,20261009
nafld,3150,1,20261009
nafld,3163,1,20261009
nafld,3168,3,20261009
nafld,3213,5,20261009
nafld,3217,5,20261009
nafld,3223,4,20261009
nafld,3238,3,20261009
nafld,3245,3,20261009
nafld,3248,3,20261009
nafld,3252,5,20261009
nafld,3256,3,20261009
nafld,3257,5,20261009
nafld,3281,5,20261009
nafld,3283,1,20261009
nafld,3291,1,20261009
nafld,3297,2,20261009
nafld,3320,3,20261009
nafld,3337,4,20261009
nafld,3345,5,20261009
nafld,3353,4,20261009
nafld,3355,2,20261009
nafld,3361,4,20261009
nafld,3369,2,20261009
nafld,3372,2,20261009
nafld,3409,3,20261009
nafld,3411,2,20261009
nafld,3424,1,20261009
nafld,3470,3,20261009
nafld,3478,5,20261009
nafld,3488,3,20261009
nafld,3494,2,20261009
nafld,3496,1,20261009
nafld,3512,4,20261009
nafld,3525,1,20261009
nafld,3532,2,20261009
nafld,3567,5,20261009
nafld,3575,1,20261009
nafld,3581,5,20261009
nafld,3582,4,20261009
nafld,3621,2,20261009
nafld,3633,1,20261009
nafld,3635,2,20261009
nafld,3642,3,20261009
nafld,3662,5,20261009
nafld,3663,4,20261009
nafld,3668,5,20261009
nafld,3674,2,20261009
nafld,3676,5,20261009
nafld,3678,1,20261009
nafld,3693,2,20261009
nafld,3699,5,20261009
nafld,3711,5,20261009
nafld,3755,1,20261009
nafld,3767,3,20261009
nafld,3770,4,20261009
nafld,3771,4,20261009
nafld,3783,3,20261009
nafld,3787,4,20261009
nafld,3789,1,20261009
nafld,3790,3,20261009
nafld,3791,3,20261009
nafld,3865,1,20261009
nafld,3874,3,20261009
nafld,3877,3,20261009
nafld,3883,5,20261009
nafld,3905,2,20261009
nafld,3909,1,20261009
nafld,3920,5,20261009
nafld,3933,4,20261009
nafld,3940,1,20261009
nafld,3968,3,20261009
nafld,3971,3,20261009
nafld,3979,4,20261009
nafld,3982,3,20261009
nafld,3984,5,20261009
nafld,4014,4,20261009
nafld,4025,1,20261009
nafld,4027,3,20261009
nafld,4051,5,20261009
nafld,4062,5,20261009
nafld,4063,5,20261009
nafld,4072,2,20261009
nafld,4087,5,20261009
nafld,4099,4,20261009
nafld,4102,4,20261009
nafld,4115,3,20261009
nafld,4116,2,20261009
nafld,4132,2,20261009
nafld,4147,1,20261009
nafld,4164,3,20261009
nafld,4181,3,20261009
nafld,4183,2,20261009
nafld,4195,3,20261009
nafld,4219,5,20261009
nafld,4222,4,20261009
nafld,4227,1,20261009
nafld,4229,5,20261009
nafld,4256,5,20261009
nafld,4259,3,20261009
nafld,4260,4,20261009
nafld,4264,2,20261009
nafld,4272,4,20261009
nafld,4276,5,20261009
nafld,4277,1,20261009
nafld,4280,2,20261009
nafld,4291,2,20261009
nafld,4294,3,20261009
nafld,4297,5,20261009
nafld,4331,1,20261009
nafld,4342,1,20261009
nafld,4355,4,20261009
nafld,4367,5,20261009
nafld,4396,5,20261009
nafld,4397,4,20261009
nafld,4437,4,20261009
nafld,4443,4,20261009
nafld,4455,3,20261009
nafld,4466,4,20261009
nafld,4475,1,20261009
nafld,4488,3,20261009
nafld,4514,4,20261009
nafld,4529,4,20261009
nafld,4535,2,20261009
nafld,4563,3,20261009
nafld,4566,2,20261009
nafld,4574,5,20261009
nafld,4600,2,20261009
nafld,4601,3,20261009
nafld,4605,3,20261009
nafld,4612,2,20261009
nafld,4616,2,20261009
nafld,4622,5,20261009
nafld,4636,5,20261009
nafld,4642,5,20261009
nafld,4662,2,20261009
nafld,4668,1,20261009
nafld,4683,4,20261009
nafld,4686,5,20261009
nafld,4715,4,20261009
nafld,4747,4,20261009
nafld,4752,5,20261009
nafld,4757,1,20261009
nafld,4762,4,20261009
nafld,4765,2,20261009
nafld,4775,5,20261009
nafld,4787,5,20261009
nafld,4796,4,20261009
nafld,4819,3,20261009
nafld,4821,3,20261009
nafld,4850,5,20261009
nafld,4866,2,20261009
nafld,4872,1,20261009
nafld,4873,2,20261009
nafld,4878,4,20261009
nafld,4900,4,20261009
nafld,4912,4,20261009
nafld,4915,1,20261009
nafld,4916,3,20261009
nafld,4956,1,20261009
nafld,4976,4,20261009
nafld,5004,3,20261009
nafld,5010,5,20261009
nafld,5027,3,20261009
nafld,5039,5,20261009
nafld,5057,3,20261009
nafld,5066,3,20261009
nafld,5073,2,20261009
nafld,5075,3,20261009
nafld,5090,5,20261009
nafld,5097,2,20261009
nafld,5104,1,20261009
nafld,5109,5,20261009
nafld,5121,2,20261009
nafld,5135,4,20261009
nafld,5144,1,20261009
nafld,5158,4,20261009
nafld,5163,3,20261009
nafld,5165,1,20261009
nafld,5173,5,20261009
nafld,5183,1,20261009
nafld,5189,4,20261009
nafld,5218,2,20261009
nafld,5219,5,20261009
nafld,5231,4,20261009
nafld,5233,3,20261009
nafld,5240,5,20261009
nafld,5255,5,20261009
nafld,5290,1,20261009
nafld,5292,2,20261009
nafld,5298,2,20261009
nafld,5300,5,20261009
nafld,5310,5,20261009
nafld,5315,2,20261009
nafld,5318,3,20261009
nafld,5323,5,20261009
nafld,5336,1,20261009
nafld,5343,1,20261009
nafld,5346,5,20261009
nafld,5385,5,20261009
nafld,5386,1,20261009
nafld,5436,2,20261009
nafld,5443,3,20261009
nafld,5447,4,20261009
nafld,5464,4,20261009
nafld,5491,3,20261009
nafld,5492,4,20261009
nafld,5505,3,20261009
nafld,5513,5,20261009
nafld,5515,5,20261009
nafld,5521,4,20261009
nafld,5558,1,20261009
nafld,5559,3,20261009
nafld,5566,5,20261009
nafld,5567,2,20261009
nafld,5573,1,20261009
nafld,5581,5,20261009
nafld,5582,4,20261009
nafld,5586,4,20261009
nafld,5626,5,20261009
nafld,5635,2,20261009
nafld,5641,4,20261009
nafld,5685,4,20261009
nafld,5696,2,20261009
nafld,5699,5,20261009
nafld,5708,4,20261009
nafld,5735,1,20261009
nafld,5754,3,20261009
nafld,5759,3,20261009
nafld,5776,1,20261009
nafld,5780,1,20261009
nafld,5786,5,20261009
nafld,5788,5,20261009
nafld,5798,2,20261009
nafld,5811,4,20261009
nafld,5814,2,20261009
nafld,5830,4,20261009
nafld,5840,4,20261009
nafld,5841,5,20261009
nafld,5851,3,20261009
nafld,5861,4,20261009
nafld,5862,3,20261009
nafld,5882,3,20261009
nafld,5893,5,20261009
nafld,5900,1,20261009
nafld,5901,4,20261009
nafld,5926,5,20261009
nafld,5945,1,20261009
nafld,5990,3,20261009
nafld,5992,4,20261009
nafld,5995,2,20261009
nafld,5997,1,20261009
nafld,5999,4,20261009
nafld,6038,2,20261009
nafld,6071,4,20261009
nafld,6082,2,20261009
nafld,6096,1,20261009
nafld,6103,4,20261009
nafld,6105,1,20261009
nafld,6128,3,20261009
nafld,6137,4,20261009
nafld,6143,3,20261009
nafld,6153,2,20261009
nafld,6154,4,20261009
nafld,6161,1,20261009
nafld,6169,3,20261009
nafld,6172,2,20261009
nafld,6179,5,20261009
nafld,6200,5,20261009
nafld,6201,4,20261009
nafld,6204,4,20261009
nafld,6215,4,20261009
nafld,6217,4,20261009
nafld,6235,3,20261009
nafld,6237,3,20261009
nafld,6240,5,20261009
nafld,6256,1,20261009
nafld,6274,3,20261009
nafld,6275,4,20261009
nafld,6280,2,20261009
nafld,6289,3,20261009
nafld,6292,2,20261009
nafld,6306,1,20261009
nafld,6316,4,20261009
nafld,6317,4,20261009
nafld,6328,3,20261009
nafld,6330,1,20261009
nafld,6331,1,20261009
nafld,6335,5,20261009
nafld,6353,3,20261009
nafld,6368,2,20261009
nafld,6370,3,20261009
nafld,6389,4,20261009
nafld,6427,4,20261009
nafld,6441,5,20261009
nafld,6446,4,20261009
nafld,6451,4,20261009
nafld,6485,1,20261009
nafld,6522,1,20261009
nafld,6542,3,20261009
nafld,6555,4,20261009
nafld,6572,1,20261009
nafld,6580,4,20261009
nafld,6584,2,20261009
nafld,6616,1,20261009
nafld,6619,3,20261009
nafld,6628,5,20261009
nafld,6635,2,20261009
nafld,6646,1,20261009
nafld,6647,5,20261009
nafld,6648,4,20261009
nafld,6649,1,20261009
nafld,6652,4,20261009
nafld,6683,2,20261009
nafld,6716,3,20261009
nafld,6718,5,20261009
nafld,6732,3,20261009
nafld,6758,3,20261009
nafld,6765,5,20261009
nafld,6766,3,20261009
nafld,6770,2,20261009
nafld,6778,2,20261009
nafld,6785,2,20261009
nafld,6814,3,20261009
nafld,6837,5,20261009
nafld,6859,2,20261009
nafld,6866,1,20261009
nafld,6883,1,20261009
nafld,6887,5,20261009
nafld,6900,5,20261009
nafld,6905,1,20261009
nafld,6917,4,20261009
nafld,6921,4,20261009
nafld,6938,5,20261009
nafld,6950,3,20261009
nafld,6955,3,20261009
nafld,7007,1,20261009
nafld,7026,5,20261009
nafld,7027,4,20261009
nafld,7034,1,20261009
nafld,7041,3,20261009
nafld,7044,2,20261009
nafld,7047,4,20261009
nafld,7050,5,20261009
nafld,7051,1,20261009
nafld,7053,4,20261009
nafld,7065,4,20261009
nafld,7076,5,20261009
nafld,7092,2,20261009
nafld,7096,3,20261009
nafld,7118,3,20261009
nafld,7121,1,20261009
nafld,7147,1,20261009
nafld,7151,1,20261009
nafld,7174,3,20261009
nafld,7175,5,20261009
nafld,7176,4,20261009
nafld,7178,2,20261009
nafld,7216,2,20261009
nafld,7230,1,20261009
nafld,7231,1,20261009
nafld,7242,2,20261009
nafld,7259,4,20261009
nafld,7264,2,20261009
nafld,7278,4,20261009
nafld,7293,4,20261009
nafld,7297,2,20261009
nafld,7306,5,20261009
nafld,7311,4,20261009
nafld,7315,4,20261009
nafld,7317,4,20261009
nafld,7322,3,20261009
nafld,7325,2,20261009
nafld,7347,1,20261009
nafld,7348,3,20261009
nafld,7352,5,20261009
nafld,7372,4,20261009
nafld,7387,4,20261009
nafld,7406,5,20261009
nafld,7409,1,20261009
nafld,7480,2,20261009
nafld,7484,1,20261009
nafld,7490,1,20261009
nafld,7495,1,20261009
nafld,7496,3,20261009
nafld,7499,1,20261009
nafld,7514,5,20261009
nafld,7568,4,20261009
nafld,7572,3,20261009
nafld,7575,4,20261009
nafld,7589,2,20261009
nafld,7596,1,20261009
nafld,7601,2,20261009
nafld,7603,4,20261009
nafld,7617,2,20261009
nafld,7632,2,20261009
nafld,7645,4,20261009
nafld,7648,5,20261009
nafld,7650,4,20261009
nafld,7673,3,20261009
nafld,7679,5,20261009
nafld,7681,3,20261009
nafld,7696,1,20261009
nafld,7712,1,20261009
nafld,7733,5,20261009
nafld,7739,4,20261009
nafld,7749,3,20261009
nafld,7757,2,20261009
nafld,7760,4,20261009
nafld,7786,4,20261009
nafld,7791,4,20261009
nafld,7809,4,20261009
nafld,7827,3,20261009
nafld,7838,3,20261009
nafld,7859,4,20261009
nafld,7868,2,20261009
nafld,7878,3,20261009
nafld,7886,4,20261009
nafld,7898,5,20261009
nafld,7910,1,20261009
nafld,7914,1,20261009
nafld,7921,2,20261009
nafld,7927,2,20261009
nafld,7931,2,20261009
nafld,7933,1,20261009
nafld,7943,5,20261009
nafld,7962,2,20261009
nafld,7964,1,20261009
nafld,7972,5,20261009
nafld,7999,1,20261009
nafld,8007,1,20261009
nafld,8010,4,20261009
nafld,8023,5,20261009
nafld,8034,1,20261009
nafld,8058,2,20261009
nafld,8068,2,20261009
nafld,8088,4,20261009
nafld,8092,4,20261009
nafld,8101,1,20261009
nafld,8118,5,20261009
nafld,8119,5,20261009
nafld,8143,4,20261009
nafld,8148,1,20261009
nafld,8156,1,20261009
nafld,8165,5,20261009
nafld,8195,4,20261009
nafld,8198,1,20261009
nafld,8210,2,20261009
nafld,8214,5,20261009
nafld,8223,5,20261009
nafld,8250,4,20261009
nafld,8278,5,20261009
nafld,8296,3,20261009
nafld,8305,1,20261009
nafld,8310,2,20261009
nafld,8315,1,20261009
nafld,8319,5,20261009
nafld,8335,3,20261009
nafld,8345,3,20261009
nafld,8351,1,20261009
nafld,8375,5,20261009
nafld,8387,3,20261009
nafld,8388,3,20261009
nafld,8390,5,20261009
nafld,8391,4,20261009
nafld,8411,2,20261009
nafld,8417,2,20261009
nafld,8437,2,20261009
nafld,8444,1,20261009
nafld,8463,2,20261009
nafld,8473,5,20261009
nafld,8481,3,20261009
nafld,8482,4,20261009
nafld,8498,5,20261009
nafld,8502,1,20261009
nafld,8512,5,20261009
nafld,8517,2,20261009
nafld,8540,5,20261009
nafld,8541,1,20261009
nafld,8545,3,20261009
nafld,8565,1,20261009
nafld,8573,2,20261009
nafld,8595,5,20261009
nafld,8607,2,20261009
nafld,8611,2,20261009
nafld,8654,3,20261009
nafld,8681,5,20261009
nafld,8682,3,20261009
nafld,8685,1,20261009
nafld,8704,4,20261009
nafld,8708,1,20261009
nafld,8718,3,20261009
nafld,8739,1,20261009
nafld,8752,3,20261009
nafld,8774,5,20261009
nafld,8777,2,20261009
nafld,8787,4,20261009
nafld,8810,4,20261009
nafld,8817,3,20261009
nafld,8823,1,20261009
nafld,8845,2,20261009
nafld,8874,4,20261009
nafld,8898,1,20261009
nafld,8903,5,20261009
nafld,8905,5,20261009
nafld,8908,5,20261009
nafld,8921,2,20261009
nafld,8925,4,20261009
nafld,8934,4,20261009
nafld,8935,5,20261009
nafld,8942,5,20261009
nafld,8949,5,20261009
nafld,8959,5,20261009
nafld,8971,1,20261009
nafld,8988,4,20261009
nafld,8989,5,20261009
nafld,9001,3,20261009
nafld,9036,4,20261009
nafld,9038,2,20261009
nafld,9052,2,20261009
nafld,9066,1,20261009
nafld,9068,1,20261009
nafld,9074,1,20261009
nafld,9077,4,20261009
nafld,9088,5,20261009
nafld,9095,2,20261009
nafld,9111,3,20261009
nafld,9122,2,20261009
nafld,9129,4,20261009
nafld,9139,2,20261009
nafld,9140,5,20261009
nafld,9142,2,20261009
nafld,9155,1,20261009
nafld,9160,4,20261009
nafld,9174,3,20261009
nafld,9177,2,20261009
nafld,9206,3,20261009
nafld,9211,4,20261009
nafld,9213,4,20261009
nafld,9223,4,20261009
nafld,9234,2,20261009
nafld,9247,5,20261009
nafld,9248,2,20261009
nafld,9258,3,20261009
nafld,9281,5,20261009
nafld,9297,1,20261009
nafld,9301,1,20261009
nafld,9304,4,20261009
nafld,9307,4,20261009
nafld,9318,5,20261009
nafld,9352,2,20261009
nafld,9361,1,20261009
nafld,9370,3,20261009
nafld,9388,5,20261009
nafld,9392,3,20261009
nafld,9418,4,20261009
nafld,9420,3,20261009
nafld,9431,1,20261009
nafld,9482,4,20261009
nafld,9490,5,20261009
nafld,9495,4,20261009
nafld,9497,4,20261009
nafld,9514,1,20261009
nafld,9520,3,20261009
nafld,9523,2,20261009
nafld,9537,1,20261009
nafld,9539,5,20261009
nafld,9548,2,20261009
nafld,9549,4,20261009
nafld,9577,4,20261009
nafld,9586,2,20261009
nafld,9599,5,20261009
nafld,9623,4,20261009
nafld,9632,2,20261009
nafld,9645,2,20261009
nafld,9648,5,20261009
nafld,9651,4,20261009
nafld,9660,3,20261009
nafld,9675,2,20261009
nafld,9686,2,20261009
nafld,9691,2,20261009
nafld,9696,5,20261009
nafld,9705,5,20261009
nafld,9714,3,20261009
nafld,9728,3,20261009
nafld,9732,3,20261009
nafld,9735,4,20261009
nafld,9740,4,20261009
nafld,9755,2,20261009
nafld,9770,4,20261009
nafld,9771,1,20261009
nafld,9797,5,20261009
nafld,9808,5,20261009
nafld,9817,5,20261009
nafld,9822,1,20261009
nafld,9832,3,20261009
nafld,9857,3,20261009
nafld,9859,1,20261009
nafld,9866,3,20261009
nafld,9873,1,20261009
nafld,9878,3,20261009
nafld,9879,3,20261009
nafld,9909,3,20261009
nafld,9912,1,20261009
nafld,9913,1,20261009
nafld,9923,5,20261009
nafld,9930,1,20261009
nafld,9934,4,20261009
nafld,9957,2,20261009
nafld,9960,1,20261009
nafld,9980,2,20261009
nafld,9983,4,20261009
nafld,9993,2,20261009
nafld,10000,4,20261009
nafld,10007,1,20261009
nafld,10023,2,20261009
nafld,10024,3,20261009
nafld,10033,4,20261009
nafld,10041,1,20261009
nafld,10045,3,20261009
nafld,10066,4,20261009
nafld,10069,3,20261009
nafld,10081,2,20261009
nafld,10111,4,20261009
nafld,10112,2,20261009
nafld,10122,2,20261009
nafld,10130,2,20261009
nafld,10152,2,20261009
nafld,10154,5,20261009
nafld,10165,4,20261009
nafld,10167,5,20261009
nafld,10180,5,20261009
nafld,10189,1,20261009
nafld,10207,2,20261009
nafld,10229,4,20261009
nafld,10236,1,20261009
nafld,10237,2,20261009
nafld,10246,2,20261009
nafld,10275,2,20261009
nafld,10293,4,20261009
nafld,10313,2,20261009
nafld,10325,2,20261009
nafld,10343,1,20261009
nafld,10351,2,20261009
nafld,10355,5,20261009
nafld,10367,2,20261009
nafld,10368,3,20261009
nafld,10391,3,20261009
nafld,10394,4,20261009
nafld,10410,2,20261009
nafld,10414,4,20261009
nafld,10431,2,20261009
nafld,10452,4,20261009
nafld,10490,3,20261009
nafld,10499,4,20261009
nafld,10510,1,20261009
nafld,10511,1,20261009
nafld,10514,2,20261009
nafld,10549,4,20261009
nafld,10553,2,20261009
nafld,10570,1,20261009
nafld,10592,2,20261009
nafld,10598,1,20261009
nafld,10624,2,20261009
nafld,10630,5,20261009
nafld,10644,1,20261009
nafld,10666,1,20261009
nafld,10678,2,20261009
nafld,10685,5,20261009
nafld,10722,3,20261009
nafld,10740,1,20261009
nafld,10750,2,20261009
nafld,10774,2,20261009
nafld,10779,4,20261009
nafld,10791,2,20261009
nafld,10795,4,20261009
nafld,10813,1,20261009
nafld,10821,5,20261009
nafld,10832,4,20261009
nafld,10855,5,20261009
nafld,10890,4,20261009
nafld,10916,1,20261009
nafld,10934,4,20261009
nafld,10937,2,20261009
nafld,10962,2,20261009
nafld,10964,5,20261009
nafld,10968,4,20261009
nafld,10971,4,20261009
nafld,10986,2,20261009
nafld,10994,4,20261009
nafld,11010,1,20261009
nafld,11019,5,20261009
nafld,11026,1,20261009
nafld,11045,2,20261009
nafld,11051,3,20261009
nafld,11072,5,20261009
nafld,11085,5,20261009
nafld,11090,2,20261009
nafld,11099,5,20261009
nafld,11111,5,20261009
nafld,11113,3,20261009
nafld,11122,2,20261009
nafld,11142,1,20261009
nafld,11143,5,20261009
nafld,11156,4,20261009
nafld,11159,3,20261009
nafld,11174,3,20261009
nafld,11180,5,20261009
nafld,11186,1,20261009
nafld,11187,5,20261009
nafld,11206,5,20261009
nafld,11208,4,20261009
nafld,11210,3,20261009
nafld,11211,3,20261009
nafld,11230,5,20261009
nafld,11250,5,20261009
nafld,11258,2,20261009
nafld,11259,4,20261009
nafld,11272,1,20261009
nafld,11276,1,20261009
nafld,11277,3,20261009
nafld,11293,3,20261009
nafld,11296,4,20261009
nafld,11308,1,20261009
nafld,11310,1,20261009
nafld,11318,2,20261009
nafld,11327,2,20261009
nafld,11344,2,20261009
nafld,11347,4,20261009
nafld,11358,5,20261009
nafld,11361,2,20261009
nafld,11367,5,20261009
nafld,11393,4,20261009
nafld,11417,5,20261009
nafld,11442,2,20261009
nafld,11444,5,20261009
nafld,11465,1,20261009
nafld,11471,2,20261009
nafld,11494,1,20261009
nafld,11499,5,20261009
nafld,11504,1,20261009
nafld,11516,2,20261009
nafld,11529,3,20261009
nafld,11545,3,20261009
nafld,11549,5,20261009
nafld,11599,4,20261009
nafld,11605,1,20261009
nafld,11616,1,20261009
nafld,11625,4,20261009
nafld,11626,1,20261009
nafld,11635,5,20261009
nafld,11637,3,20261009
nafld,11650,5,20261009
nafld,11654,4,20261009
nafld,11673,3,20261009
nafld,11684,4,20261009
nafld,11702,5,20261009
nafld,11733,1,20261009
nafld,11737,4,20261009
nafld,11744,3,20261009
nafld,11755,5,20261009
nafld,11769,5,20261009
nafld,11772,2,20261009
nafld,11775,1,20261009
nafld,11776,5,20261009
nafld,11787,4,20261009
nafld,11805,5,20261009
nafld,11842,4,20261009
nafld,11882,3,20261009
nafld,11900,3,20261009
nafld,11903,3,20261009
nafld,11916,2,20261009
nafld,12003,5,20261009
nafld,12011,3,20261009
nafld,12026,2,20261009
nafld,12032,4,20261009
nafld,12043,1,20261009
nafld,12054,5,20261009
nafld,12058,3,20261009
nafld,12065,4,20261009
nafld,12101,4,20261009
nafld,12104,1,20261009
nafld,12118,1,20261009
nafld,12122,2,20261009
nafld,12148,1,20261009
nafld,12151,2,20261009
nafld,12153,3,20261009
nafld,12154,4,20261009
nafld,12168,2,20261009
nafld,12181,1,20261009
nafld,12209,1,20261009
nafld,12218,4,20261009
nafld,12224,2,20261009
nafld,12238,3,20261009
nafld,12249,1,20261009
nafld,12253,2,20261009
nafld,12262,3,20261009
nafld,12308,5,20261009
nafld,12311,4,20261009
nafld,12312,3,20261009
nafld,12322,2,20261009
nafld,12340,3,20261009
nafld,12344,4,20261009
nafld,12358,3,20261009
nafld,12360,2,20261009
nafld,12363,3,20261009
nafld,12377,2,20261009
nafld,12383,1,20261009
nafld,12391,4,20261009
nafld,12396,1,20261009
nafld,12431,1,20261009
nafld,12454,4,20261009
nafld,12461,3,20261009
nafld,12476,5,20261009
nafld,12480,5,20261009
nafld,12492,2,20261009
nafld,12510,5,20261009
nafld,12525,5,20261009
nafld,12529,2,20261009
nafld,12541,1,20261009
nafld,12559,2,20261009
nafld,12561,2,20261009
nafld,12576,1,20261009
nafld,12589,3,20261009
nafld,12591,3,20261009
nafld,12593,3,20261009
nafld,12597,2,20261009
nafld,12603,1,20261009
nafld,12609,1,20261009
nafld,12623,5,20261009
nafld,12627,2,20261009
nafld,12651,4,20261009
nafld,12696,3,20261009
nafld,12698,3,20261009
nafld,12708,4,20261009
nafld,12709,4,20261009
nafld,12721,3,20261009
nafld,12730,2,20261009
nafld,12731,2,20261009
nafld,12732,4,20261009
nafld,12740,5,20261009
nafld,12747,5,20261009
nafld,12749,4,20261009
nafld,12772,3,20261009
nafld,12778,2,20261009
nafld,12782,5,20261009
nafld,12790,3,20261009
nafld,12793,3,20261009
nafld,12801,3,20261009
nafld,12803,5,20261009
nafld,12806,3,20261009
nafld,12811,2,20261009
nafld,12816,5,20261009
nafld,12818,2,20261009
nafld,12833,2,20261009
nafld,12871,3,20261009
nafld,12877,5,20261009
nafld,12880,3,20261009
nafld,12883,1,20261009
nafld,12896,5,20261009
nafld,12903,1,20261009
nafld,12907,4,20261009
nafld,12915,1,20261009
nafld,12948,2,20261009
nafld,12950,2,20261009
nafld,12962,2,20261009
nafld,12971,5,20261009
nafld,12990,5,20261009
nafld,12995,5,20261009
nafld,12998,5,20261009
nafld,13000,4,20261009
nafld,13004,1,20261009
nafld,13012,2,20261009
nafld,13013,5,20261009
nafld,13030,1,20261009
nafld,13037,5,20261009
nafld,13040,4,20261009
nafld,13046,5,20261009
nafld,13051,5,20261009
nafld,13062,2,20261009
nafld,13065,4,20261009
nafld,13095,1,20261009
nafld,13104,4,20261009
nafld,13120,4,20261009
nafld,13139,5,20261009
nafld,13142,3,20261009
nafld,13150,2,20261009
nafld,13162,1,20261009
nafld,13180,4,20261009
nafld,13189,1,20261009
nafld,13210,3,20261009
nafld,13215,4,20261009
nafld,13217,5,20261009
nafld,13218,3,20261009
nafld,13242,4,20261009
nafld,13244,4,20261009
nafld,13281,3,20261009
nafld,13297,4,20261009
nafld,13305,2,20261009
nafld,13335,4,20261009
nafld,13337,5,20261009
nafld,13346,4,20261009
nafld,13352,4,20261009
nafld,13360,3,20261009
nafld,13361,5,20261009
nafld,13370,3,20261009
nafld,13403,5,20261009
nafld,13411,3,20261009
nafld,13421,4,20261009
nafld,13427,2,20261009
nafld,13439,2,20261009
nafld,13456,4,20261009
nafld,13457,5,20261009
nafld,13474,2,20261009
nafld,13479,4,20261009
nafld,13516,4,20261009
nafld,13524,5,20261009
nafld,13538,1,20261009
nafld,13554,3,20261009
nafld,13564,4,20261009
nafld,13571,1,20261009
nafld,13580,3,20261009
nafld,13632,3,20261009
nafld,13642,4,20261009
nafld,13643,3,20261009
nafld,13678,2,20261009
nafld,13679,4,20261009
nafld,13680,2,20261009
nafld,13682,3,20261009
nafld,13695,5,20261009
nafld,13702,2,20261009
nafld,13714,2,20261009
nafld,13724,1,20261009
nafld,13727,1,20261009
nafld,13738,3,20261009
nafld,13745,3,20261009
nafld,13764,5,20261009
nafld,13777,4,20261009
nafld,13788,5,20261009
nafld,13799,5,20261009
nafld,13811,3,20261009
nafld,13838,5,20261009
nafld,13862,3,20261009
nafld,13876,5,20261009
nafld,13895,5,20261009
nafld,13897,5,20261009
nafld,13914,2,20261009
nafld,13921,3,20261009
nafld,13942,5,20261009
nafld,13943,1,20261009
nafld,13963,4,20261009
nafld,13988,3,20261009
nafld,14002,1,20261009
nafld,14011,3,20261009
nafld,14014,4,20261009
nafld,14047,4,20261009
nafld,14058,2,20261009
nafld,14059,4,20261009
nafld,14061,1,20261009
nafld,14070,5,20261009
nafld,14090,1,20261009
nafld,14091,5,20261009
nafld,14109,4,20261009
nafld,14116,3,20261009
nafld,14131,5,20261009
nafld,14142,4,20261009
nafld,14153,1,20261009
nafld,14195,2,20261009
nafld,14206,3,20261009
nafld,14217,4,20261009
nafld,14219,1,20261009
nafld,14225,5,20261009
nafld,14226,3,20261009
nafld,14237,5,20261009
nafld,14245,3,20261009
nafld,14249,4,20261009
nafld,14253,2,20261009
nafld,14255,4,20261009
nafld,14257,1,20261009
nafld,14279,1,20261009
nafld,14280,4,20261009
nafld,14288,1,20261009
nafld,14312,3,20261009
nafld,14334,5,20261009
nafld,14347,1,20261009
nafld,14356,2,20261009
nafld,14357,1,20261009
nafld,14367,4,20261009
nafld,14383,5,20261009
nafld,14392,4,20261009
nafld,14410,5,20261009
nafld,14424,2,20261009
nafld,14443,3,20261009
nafld,14455,5,20261009
nafld,14456,2,20261009
nafld,14459,5,20261009
nafld,14464,3,20261009
nafld,14484,1,20261009
nafld,14485,3,20261009
nafld,14490,2,20261009
nafld,14494,4,20261009
nafld,14512,3,20261009
nafld,14517,4,20261009
nafld,14530,4,20261009
nafld,14542,1,20261009
nafld,14544,3,20261009
nafld,14570,2,20261009
nafld,14571,5,20261009
nafld,14622,4,20261009
nafld,14627,2,20261009
nafld,14629,4,20261009
nafld,14671,2,20261009
nafld,14675,5,20261009
nafld,14677,1,20261009
nafld,14678,5,20261009
nafld,14684,1,20261009
nafld,14701,3,20261009
nafld,14710,3,20261009
nafld,14748,5,20261009
nafld,14755,1,20261009
nafld,14762,4,20261009
nafld,14769,4,20261009
nafld,14775,4,20261009
nafld,14789,3,20261009
nafld,14794,5,20261009
nafld,14796,4,20261009
nafld,14803,2,20261009
nafld,14838,1,20261009
nafld,14856,5,20261009
nafld,14857,1,20261009
nafld,14876,3,20261009
nafld,14902,1,20261009
nafld,14941,2,20261009
nafld,14947,2,20261009
nafld,14955,5,20261009
nafld,14956,1,20261009
nafld,14971,4,20261009
nafld,14976,2,20261009
nafld,14991,4,20261009
nafld,15015,4,20261009
nafld,15042,4,20261009
nafld,15051,2,20261009
nafld,15065,1,20261009
nafld,15081,3,20261009
nafld,15090,5,20261009
nafld,15092,5,20261009
nafld,15104,4,20261009
nafld,15108,5,20261009
nafld,15111,4,20261009
nafld,15119,5,20261009
nafld,15141,4,20261009
nafld,15148,2,20261009
nafld,15152,1,20261009
nafld,15162,4,20261009
nafld,15163,4,20261009
nafld,15165,5,20261009
nafld,15182,4,20261009
nafld,15186,5,20261009
nafld,15193,4,20261009
nafld,15209,1,20261009
nafld,15232,1,20261009
nafld,15245,2,20261009
nafld,15284,4,20261009
nafld,15316,5,20261009
nafld,15323,5,20261009
nafld,15327,4,20261009
nafld,15344,5,20261009
nafld,15347,5,20261009
nafld,15349,3,20261009
nafld,15365,1,20261009
nafld,15372,5,20261009
nafld,15402,3,20261009
nafld,15413,1,20261009
nafld,15414,5,20261009
nafld,15416,5,20261009
nafld,15430,1,20261009
nafld,15441,2,20261009
nafld,15449,3,20261009
nafld,15464,3,20261009
nafld,15472,5,20261009
nafld,15478,4,20261009
nafld,15485,1,20261009
nafld,15488,2,20261009
nafld,15504,4,20261009
nafld,15508,1,20261009
nafld,15517,4,20261009
nafld,15521,3,20261009
nafld,15535,4,20261009
nafld,15558,2,20261009
nafld,15579,2,20261009
nafld,15584,1,20261009
nafld,15587,4,20261009
nafld,15624,1,20261009
nafld,15630,3,20261009
nafld,15631,2,20261009
nafld,15642,2,20261009
nafld,15645,1,20261009
nafld,15664,2,20261009
nafld,15669,3,20261009
nafld,15677,1,20261009
nafld,15681,3,20261009
nafld,15685,1,20261009
nafld,15693,1,20261009
nafld,15732,2,20261009
nafld,15733,4,20261009
nafld,15764,3,20261009
nafld,15775,5,20261009
nafld,15783,2,20261009
nafld,15792,2,20261009
nafld,15806,5,20261009
nafld,15808,5,20261009
nafld,15829,5,20261009
nafld,15831,2,20261009
nafld,15837,1,20261009
nafld,15864,1,20261009
nafld,15867,1,20261009
nafld,15882,2,20261009
nafld,15885,3,20261009
nafld,15908,5,20261009
nafld,15910,4,20261009
nafld,15914,2,20261009
nafld,15915,5,20261009
nafld,15916,1,20261009
nafld,15941,2,20261009
nafld,15959,1,20261009
nafld,15966,5,20261009
nafld,15980,3,20261009
nafld,15987,2,20261009
nafld,16008,2,20261009
nafld,16011,4,20261009
nafld,16036,3,20261009
nafld,16037,1,20261009
nafld,16044,2,20261009
nafld,16083,1,20261009
nafld,16094,5,20261009
nafld,16099,4,20261009
nafld,16100,3,20261009
nafld,16111,5,20261009
nafld,16119,2,20261009
nafld,16124,5,20261009
nafld,16161,3,20261009
nafld,16178,3,20261009
nafld,16185,2,20261009
nafld,16193,5,20261009
nafld,16196,5,20261009
nafld,16210,3,20261009
nafld,16239,4,20261009
nafld,16273,1,20261009
nafld,16283,3,20261009
nafld,16296,1,20261009
nafld,16302,3,20261009
nafld,16308,3,20261009
nafld,16309,1,20261009
nafld,16323,5,20261009
nafld,16328,5,20261009
nafld,16333,5,20261009
nafld,16335,3,20261009
nafld,16343,5,20261009
nafld,16381,4,20261009
nafld,16387,5,20261009
nafld,16412,3,20261009
nafld,16417,3,20261009
nafld,16425,5,20261009
nafld,16429,3,20261009
nafld,16432,5,20261009
nafld,16440,4,20261009
nafld,16451,2,20261009
nafld,16454,1,20261009
nafld,16476,3,20261009
nafld,16482,5,20261009
nafld,16489,2,20261009
nafld,16553,2,20261009
nafld,16571,2,20261009
nafld,16583,5,20261009
nafld,16599,1,20261009
nafld,16615,3,20261009
nafld,16643,4,20261009
nafld,16647,4,20261009
nafld,16648,5,20261009
nafld,16657,4,20261009
nafld,16663,3,20261009
nafld,16672,3,20261009
nafld,16692,3,20261009
nafld,16704,1,20261009
nafld,16707,1,20261009
nafld,16711,3,20261009
nafld,16720,4,20261009
nafld,16736,3,20261009
nafld,16746,2,20261009
nafld,16751,2,20261009
nafld,16755,5,20261009
nafld,16756,1,20261009
nafld,16771,1,20261009
nafld,16773,4,20261009
nafld,16795,4,20261009
nafld,16820,2,20261009
nafld,16882,3,20261009
nafld,16897,5,20261009
nafld,16919,4,20261009
nafld,16924,2,20261009
nafld,16941,1,20261009
nafld,16945,2,20261009
nafld,16960,3,20261009
nafld,16968,5,20261009
nafld,16969,5,20261009
nafld,17017,4,20261009
nafld,17018,4,20261009
nafld,17019,4,20261009
nafld,17028,3,20261009
nafld,17035,5,20261009
nafld,17058,5,20261009
nafld,17059,2,20261009
nafld,17068,1,20261009
nafld,17070,1,20261009
nafld,17094,1,20261009
nafld,17095,3,20261009
nafld,17102,1,20261009
nafld,17114,4,20261009
nafld,17132,4,20261009
nafld,17137,1,20261009
nafld,17141,4,20261009
nafld,17169,3,20261009
nafld,17179,5,20261009
nafld,17201,4,20261009
nafld,17210,1,20261009
nafld,17219,4,20261009
nafld,17227,5,20261009
nafld,17229,5,20261009
nafld,17248,1,20261009
nafld,17251,2,20261009
nafld,17263,5,20261009
nafld,17298,4,20261009
nafld,17304,3,20261009
nafld,17314,3,20261009
nafld,17328,3,20261009
nafld,17366,5,20261009
nafld,17378,3,20261009
nafld,17411,3,20261009
nafld,17420,5,20261009
nafld,17429,5,20261009
nafld,17436,1,20261009
nafld,17488,3,20261009
nafld,17505,5,20261009
nafld,17510,5,20261009
nafld,17512,2,20261009
nafld,17521,3,20261009
nafld,17531,2,20261009
nafld,17533,5,20261009
nafld,17539,5,20261009
nafld,17543,2,20261009
nafld,17544,5,20261009
nafld,17549,2,20261009
nafld,17563,3,20261009
nafld,22,3,20261009
nafld,27,4,20261009
nafld,30,4,20261009
nafld,45,5,20261009
nafld,69,1,20261009
nafld,75,5,20261009
nafld,91,1,20261009
nafld,127,1,20261009
nafld,138,5,20261009
nafld,166,2,20261009
nafld,177,2,20261009
nafld,191,5,20261009
nafld,196,4,20261009
nafld,211,1,20261009
nafld,240,3,20261009
nafld,262,2,20261009
nafld,301,3,20261009
nafld,322,5,20261009
nafld,329,1,20261009
nafld,364,5,20261009
nafld,424,3,20261009
nafld,432,5,20261009
nafld,468,3,20261009
nafld,481,3,20261009
nafld,487,2,20261009
nafld,495,4,20261009
nafld,499,2,20261009
nafld,503,3,20261009
nafld,570,2,20261009
nafld,596,3,20261009
nafld,614,1,20261009
nafld,658,3,20261009
nafld,666,2,20261009
nafld,668,5,20261009
nafld,671,5,20261009
nafld,679,3,20261009
nafld,695,2,20261009
nafld,708,5,20261009
nafld,760,2,20261009
nafld,786,5,20261009
nafld,802,2,20261009
nafld,804,2,20261009
nafld,839,2,20261009
nafld,885,5,20261009
nafld,889,1,20261009
nafld,898,2,20261009
nafld,923,1,20261009
nafld,946,4,20261009
nafld,957,3,20261009
nafld,970,1,20261009
nafld,971,4,20261009
nafld,979,2,20261009
nafld,986,2,20261009
nafld,1004,2,20261009
nafld,1009,1,20261009
nafld,1013,3,20261009
nafld,1040,1,20261009
nafld,1053,5,20261009
nafld,1055,1,20261009
nafld,1058,1,20261009
nafld,1092,2,20261009
nafld,1121,3,20261009
nafld,1125,3,20261009
nafld,1166,2,20261009
nafld,1200,2,20261009
nafld,1201,4,20261009
nafld,1210,5,20261009
nafld,1212,5,20261009
nafld,1229,2,20261009
nafld,1249,3,20261009
nafld,1260,4,20261009
nafld,1326,4,20261009
nafld,1330,4,20261009
nafld,1389,1,20261009
nafld,1393,2,20261009
nafld,1394,4,20261009
nafld,1402,5,20261009
nafld,1431,3,20261009
nafld,1447,5,20261009
nafld,1451,2,20261009
nafld,1456,1,20261009
nafld,1475,1,20261009
nafld,1481,3,20261009
nafld,1485,2,20261009
nafld,1491,3,20261009
nafld,1518,5,20261009
nafld,1519,2,20261009
nafld,1536,1,20261009
nafld,1542,2,20261009
nafld,1544,5,20261009
nafld,1565,4,20261009
nafld,1599,1,20261009
nafld,1609,1,20261009
nafld,1635,4,20261009
nafld,1646,3,20261009
nafld,1655,4,20261009
nafld,1659,1,20261009
nafld,1663,4,20261009
nafld,1682,1,20261009
nafld,1683,5,20261009
nafld,1685,3,20261009
nafld,1693,1,20261009
nafld,1705,3,20261009
nafld,1778,5,20261009
nafld,1783,3,20261009
nafld,1787,2,20261009
nafld,1792,5,20261009
nafld,1823,5,20261009
nafld,1830,3,20261009
nafld,1845,1,20261009
nafld,1850,4,20261009
nafld,1906,3,20261009
nafld,1908,2,20261009
nafld,1919,4,20261009
nafld,1922,1,20261009
nafld,1925,4,20261009
nafld,1951,3,20261009
nafld,1955,1,20261009
nafld,2006,1,20261009
nafld,2014,1,20261009
nafld,2017,3,20261009
nafld,2022,3,20261009
nafld,2031,3,20261009
nafld,2060,4,20261009
nafld,2062,1,20261009
nafld,2066,4,20261009
nafld,2068,5,20261009
nafld,2073,2,20261009
nafld,2109,3,20261009
nafld,2114,3,20261009
nafld,2117,3,20261009
nafld,2118,3,20261009
nafld,2144,2,20261009
nafld,2159,3,20261009
nafld,2171,4,20261009
nafld,2184,5,20261009
nafld,2187,1,20261009
nafld,2210,4,20261009
nafld,2211,2,20261009
nafld,2223,1,20261009
nafld,2224,1,20261009
nafld,2227,4,20261009
nafld,2248,5,20261009
nafld,2259,3,20261009
nafld,2266,4,20261009
nafld,2278,3,20261009
nafld,2280,3,20261009
nafld,2285,5,20261009
nafld,2352,4,20261009
nafld,2357,4,20261009
nafld,2401,2,20261009
nafld,2412,1,20261009
nafld,2423,5,20261009
nafld,2451,5,20261009
nafld,2466,1,20261009
nafld,2476,1,20261009
nafld,2482,4,20261009
nafld,2516,1,20261009
nafld,2529,4,20261009
nafld,2540,5,20261009
nafld,2551,4,20261009
nafld,2591,4,20261009
nafld,2632,3,20261009
nafld,2639,2,20261009
nafld,2641,3,20261009
nafld,2647,3,20261009
nafld,2649,4,20261009
nafld,2660,2,20261009
nafld,2679,2,20261009
nafld,2688,4,20261009
nafld,2692,3,20261009
nafld,2712,4,20261009
nafld,2718,1,20261009
nafld,2740,5,20261009
nafld,2746,1,20261009
nafld,2766,1,20261009
nafld,2773,5,20261009
nafld,2795,2,20261009
nafld,2818,3,20261009
nafld,2832,5,20261009
nafld,2846,5,20261009
nafld,2874,1,20261009
nafld,2879,3,20261009
nafld,2895,2,20261009
nafld,2897,1,20261009
nafld,2904,4,20261009
nafld,2913,5,20261009
nafld,2918,4,20261009
nafld,2931,1,20261009
nafld,2967,1,20261009
nafld,2976,3,20261009
nafld,2987,5,20261009
nafld,2997,3,20261009
nafld,3000,1,20261009
nafld,3007,5,20261009
nafld,3059,2,20261009
nafld,3061,5,20261009
nafld,3075,3,20261009
nafld,3105,4,20261009
nafld,3141,2,20261009
nafld,3149,5,20261009
nafld,3190,1,20261009
nafld,3195,5,20261009
nafld,3196,5,20261009
nafld,3201,2,20261009
nafld,3220,3,20261009
nafld,3221,3,20261009
nafld,3241,3,20261009
nafld,3255,3,20261009
nafld,3294,1,20261009
nafld,3310,2,20261009
nafld,3386,2,20261009
nafld,3404,4,20261009
nafld,3415,1,20261009
nafld,3427,5,20261009
nafld,3436,5,20261009
nafld,3440,2,20261009
nafld,3456,2,20261009
nafld,3477,4,20261009
nafld,3489,5,20261009
nafld,3492,4,20261009
nafld,3498,4,20261009
nafld,3519,5,20261009
nafld,3520,4,20261009
nafld,3522,3,20261009
nafld,3526,4,20261009
nafld,3531,1,20261009
nafld,3534,1,20261009
nafld,3537,4,20261009
nafld,3547,5,20261009
nafld,3549,2,20261009
nafld,3566,1,20261009
nafld,3586,5,20261009
nafld,3592,1,20261009
nafld,3634,2,20261009
nafld,3648,3,20261009
nafld,3667,1,20261009
nafld,3669,2,20261009
nafld,3710,3,20261009
nafld,3727,5,20261009
nafld,3733,2,20261009
nafld,3785,2,20261009
nafld,3802,3,20261009
nafld,3805,4,20261009
nafld,3806,4,20261009
nafld,3818,3,20261009
nafld,3842,5,20261009
nafld,3851,1,20261009
nafld,3859,4,20261009
nafld,3881,4,20261009
nafld,3888,5,20261009
nafld,3919,4,20261009
nafld,3929,1,20261009
nafld,3934,1,20261009
nafld,3956,5,20261009
nafld,3976,1,20261009
nafld,4005,3,20261009
nafld,4016,3,20261009
nafld,4029,3,20261009
nafld,4042,5,20261009
nafld,4097,4,20261009
nafld,4108,3,20261009
nafld,4127,4,20261009
nafld,4152,2,20261009
nafld,4160,2,20261009
nafld,4171,2,20261009
nafld,4180,1,20261009
nafld,4191,3,20261009
nafld,4216,3,20261009
nafld,4233,3,20261009
nafld,4239,2,20261009
nafld,4285,3,20261009
nafld,4314,4,20261009
nafld,4323,3,20261009
nafld,4361,5,20261009
nafld,4371,2,20261009
nafld,4372,3,20261009
nafld,4416,1,20261009
nafld,4419,2,20261009
nafld,4426,1,20261009
nafld,4445,3,20261009
nafld,4447,2,20261009
nafld,4468,3,20261009
nafld,4499,3,20261009
nafld,4517,4,20261009
nafld,4534,5,20261009
nafld,4543,4,20261009
nafld,4583,4,20261009
nafld,4593,5,20261009
nafld,4608,2,20261009
nafld,4620,1,20261009
nafld,4687,5,20261009
nafld,4689,5,20261009
nafld,4690,4,20261009
nafld,4699,3,20261009
nafld,4721,3,20261009
nafld,4726,1,20261009
nafld,4746,5,20261009
nafld,4751,3,20261009
nafld,4764,1,20261009
nafld,4778,4,20261009
nafld,4789,2,20261009
nafld,4802,2,20261009
nafld,4804,1,20261009
nafld,4811,1,20261009
nafld,4816,3,20261009
nafld,4836,3,20261009
nafld,4859,1,20261009
nafld,4881,2,20261009
nafld,4887,4,20261009
nafld,4925,4,20261009
nafld,4927,1,20261009
nafld,4929,3,20261009
nafld,4936,5,20261009
nafld,4940,2,20261009
nafld,4957,3,20261009
nafld,4981,2,20261009
nafld,4995,2,20261009
nafld,4996,2,20261009
nafld,4999,2,20261009
nafld,5006,2,20261009
nafld,5041,1,20261009
nafld,5046,2,20261009
nafld,5059,5,20261009
nafld,5061,4,20261009
nafld,5062,1,20261009
nafld,5065,2,20261009
nafld,5069,2,20261009
nafld,5071,4,20261009
nafld,5092,4,20261009
nafld,5100,3,20261009
nafld,5101,4,20261009
nafld,5108,2,20261009
nafld,5128,3,20261009
nafld,5129,5,20261009
nafld,5143,4,20261009
nafld,5148,5,20261009
nafld,5172,1,20261009
nafld,5182,2,20261009
nafld,5184,4,20261009
nafld,5205,4,20261009
nafld,5206,2,20261009
nafld,5209,2,20261009
nafld,5226,1,20261009
nafld,5229,4,20261009
nafld,5242,4,20261009
nafld,5258,3,20261009
nafld,5271,3,20261009
nafld,5322,2,20261009
nafld,5327,3,20261009
nafld,5331,1,20261009
nafld,5341,2,20261009
nafld,5349,2,20261009
nafld,5413,4,20261009
nafld,5458,4,20261009
nafld,5462,1,20261009
nafld,5472,4,20261009
nafld,5485,4,20261009
nafld,5496,3,20261009
nafld,5553,1,20261009
nafld,5562,1,20261009
nafld,5599,1,20261009
nafld,5601,5,20261009
nafld,5636,3,20261009
nafld,5648,2,20261009
nafld,5681,3,20261009
nafld,5682,3,20261009
nafld,5693,5,20261009
nafld,5698,3,20261009
nafld,5702,1,20261009
nafld,5768,3,20261009
nafld,5778,2,20261009
nafld,5792,4,20261009
nafld,5800,2,20261009
nafld,5819,4,20261009
nafld,5824,1,20261009
nafld,5836,1,20261009
nafld,5868,5,20261009
nafld,5880,1,20261009
nafld,5887,2,20261009
nafld,5906,3,20261009
nafld,5931,3,20261009
nafld,5968,5,20261009
nafld,5977,1,20261009
nafld,5991,3,20261009
nafld,6004,5,20261009
nafld,6005,4,20261009
nafld,6010,4,20261009
nafld,6022,3,20261009
nafld,6030,5,20261009
nafld,6057,1,20261009
nafld,6060,2,20261009
nafld,6065,5,20261009
nafld,6100,4,20261009
nafld,6127,4,20261009
nafld,6134,1,20261009
nafld,6146,4,20261009
nafld,6149,1,20261009
nafld,6193,4,20261009
nafld,6206,4,20261009
nafld,6218,4,20261009
nafld,6272,1,20261009
nafld,6282,5,20261009
nafld,6304,5,20261009
nafld,6313,4,20261009
nafld,6346,2,20261009
nafld,6351,4,20261009
nafld,6381,1,20261009
nafld,6390,1,20261009
nafld,6401,2,20261009
nafld,6412,3,20261009
nafld,6419,3,20261009
nafld,6442,1,20261009
nafld,6461,3,20261009
nafld,6465,5,20261009
nafld,6483,5,20261009
nafld,6497,2,20261009
nafld,6500,3,20261009
nafld,6507,4,20261009
nafld,6512,3,20261009
nafld,6597,1,20261009
nafld,6598,3,20261009
nafld,6600,1,20261009
nafld,6633,4,20261009
nafld,6660,3,20261009
nafld,6672,1,20261009
nafld,6676,5,20261009
nafld,6695,4,20261009
nafld,6696,1,20261009
nafld,6709,1,20261009
nafld,6715,4,20261009
nafld,6720,1,20261009
nafld,6725,1,20261009
nafld,6749,1,20261009
nafld,6775,2,20261009
nafld,6854,1,20261009
nafld,6860,2,20261009
nafld,6862,3,20261009
nafld,6872,1,20261009
nafld,6882,5,20261009
nafld,6904,4,20261009
nafld,6915,4,20261009
nafld,6935,5,20261009
nafld,6937,3,20261009
nafld,6963,4,20261009
nafld,6969,4,20261009
nafld,6972,3,20261009
nafld,6989,1,20261009
nafld,6992,1,20261009
nafld,6994,2,20261009
nafld,7005,5,20261009
nafld,7006,3,20261009
nafld,7019,4,20261009
nafld,7072,2,20261009
nafld,7084,1,20261009
nafld,7111,1,20261009
nafld,7122,5,20261009
nafld,7139,1,20261009
nafld,7140,2,20261009
nafld,7159,3,20261009
nafld,7215,4,20261009
nafld,7218,1,20261009
nafld,7237,4,20261009
nafld,7244,3,20261009
nafld,7260,2,20261009
nafld,7282,2,20261009
nafld,7283,3,20261009
nafld,7284,2,20261009
nafld,7289,2,20261009
nafld,7308,3,20261009
nafld,7327,4,20261009
nafld,7361,4,20261009
nafld,7364,4,20261009
nafld,7380,2,20261009
nafld,7386,4,20261009
nafld,7394,3,20261009
nafld,7416,5,20261009
nafld,7445,2,20261009
nafld,7450,5,20261009
nafld,7451,1,20261009
nafld,7464,2,20261009
nafld,7474,1,20261009
nafld,7476,2,20261009
nafld,7501,1,20261009
nafld,7547,2,20261009
nafld,7556,4,20261009
nafld,7579,3,20261009
nafld,7608,1,20261009
nafld,7615,1,20261009
nafld,7638,2,20261009
nafld,7639,4,20261009
nafld,7662,1,20261009
nafld,7688,4,20261009
nafld,7694,4,20261009
nafld,7727,5,20261009
nafld,7732,4,20261009
nafld,7742,5,20261009
nafld,7849,4,20261009
nafld,7862,2,20261009
nafld,7900,5,20261009
nafld,7928,3,20261009
nafld,7940,5,20261009
nafld,7951,2,20261009
nafld,7957,1,20261009
nafld,7982,5,20261009
nafld,7993,4,20261009
nafld,7997,4,20261009
nafld,8002,3,20261009
nafld,8018,4,20261009
nafld,8020,2,20261009
nafld,8033,5,20261009
nafld,8091,3,20261009
nafld,8095,2,20261009
nafld,8106,3,20261009
nafld,8123,1,20261009
nafld,8124,4,20261009
nafld,8130,5,20261009
nafld,8142,1,20261009
nafld,8150,3,20261009
nafld,8155,2,20261009
nafld,8171,4,20261009
nafld,8215,5,20261009
nafld,8236,4,20261009
nafld,8237,5,20261009
nafld,8239,2,20261009
nafld,8251,4,20261009
nafld,8266,3,20261009
nafld,8267,4,20261009
nafld,8269,5,20261009
nafld,8275,1,20261009
nafld,8313,2,20261009
nafld,8327,3,20261009
nafld,8330,5,20261009
nafld,8343,1,20261009
nafld,8350,3,20261009
nafld,8357,5,20261009
nafld,8362,5,20261009
nafld,8392,3,20261009
nafld,8396,5,20261009
nafld,8399,3,20261009
nafld,8409,5,20261009
nafld,8413,4,20261009
nafld,8427,4,20261009
nafld,8430,4,20261009
nafld,8450,1,20261009
nafld,8458,3,20261009
nafld,8460,4,20261009
nafld,8486,4,20261009
nafld,8492,5,20261009
nafld,8496,5,20261009
nafld,8510,5,20261009
nafld,8569,2,20261009
nafld,8590,5,20261009
nafld,8630,2,20261009
nafld,8631,1,20261009
nafld,8638,4,20261009
nafld,8666,3,20261009
nafld,8691,2,20261009
nafld,8699,2,20261009
nafld,8701,4,20261009
nafld,8709,5,20261009
nafld,8715,2,20261009
nafld,8742,1,20261009
nafld,8747,1,20261009
nafld,8754,3,20261009
nafld,8762,1,20261009
nafld,8782,5,20261009
nafld,8806,3,20261009
nafld,8813,5,20261009
nafld,8835,5,20261009
nafld,8867,2,20261009
nafld,8873,2,20261009
nafld,8910,2,20261009
nafld,8917,1,20261009
nafld,8920,4,20261009
nafld,8952,5,20261009
nafld,8991,4,20261009
nafld,9012,1,20261009
nafld,9017,1,20261009
nafld,9021,1,20261009
nafld,9023,2,20261009
nafld,9030,5,20261009
nafld,9035,1,20261009
nafld,9048,1,20261009
nafld,9060,1,20261009
nafld,9076,1,20261009
nafld,9092,2,20261009
nafld,9104,3,20261009
nafld,9106,1,20261009
nafld,9124,2,20261009
nafld,9131,4,20261009
nafld,9181,1,20261009
nafld,9186,4,20261009
nafld,9203,2,20261009
nafld,9216,3,20261009
nafld,9238,2,20261009
nafld,9245,4,20261009
nafld,9251,1,20261009
nafld,9255,3,20261009
nafld,9257,1,20261009
nafld,9279,5,20261009
nafld,9286,5,20261009
nafld,9287,4,20261009
nafld,9330,2,20261009
nafld,9333,3,20261009
nafld,9338,5,20261009
nafld,9355,3,20261009
nafld,9356,3,20261009
nafld,9365,1,20261009
nafld,9368,3,20261009
nafld,9410,5,20261009
nafld,9412,2,20261009
nafld,9439,5,20261009
nafld,9444,1,20261009
nafld,9446,1,20261009
nafld,9447,1,20261009
nafld,9448,3,20261009
nafld,9450,4,20261009
nafld,9453,2,20261009
nafld,9455,1,20261009
nafld,9522,4,20261009
nafld,9526,5,20261009
nafld,9531,1,20261009
nafld,9546,4,20261009
nafld,9547,5,20261009
nafld,9550,4,20261009
nafld,9618,5,20261009
nafld,9625,5,20261009
nafld,9639,4,20261009
nafld,9655,4,20261009
nafld,9674,3,20261009
nafld,9684,2,20261009
nafld,9775,5,20261009
nafld,9815,5,20261009
nafld,9823,4,20261009
nafld,9864,3,20261009
nafld,9868,3,20261009
nafld,9877,1,20261009
nafld,9892,1,20261009
nafld,9893,4,20261009
nafld,9896,5,20261009
nafld,9903,1,20261009
nafld,9910,3,20261009
nafld,9921,2,20261009
nafld,9938,2,20261009
nafld,9950,4,20261009
nafld,9977,1,20261009
nafld,9988,4,20261009
nafld,10016,4,20261009
nafld,10026,3,20261009
nafld,10035,2,20261009
nafld,10061,4,20261009
nafld,10064,5,20261009
nafld,10074,4,20261009
nafld,10082,4,20261009
nafld,10095,2,20261009
nafld,10096,4,20261009
nafld,10101,3,20261009
nafld,10120,3,20261009
nafld,10141,5,20261009
nafld,10176,4,20261009
nafld,10194,2,20261009
nafld,10208,5,20261009
nafld,10211,5,20261009
nafld,10225,3,20261009
nafld,10245,3,20261009
nafld,10252,1,20261009
nafld,10253,4,20261009
nafld,10255,1,20261009
nafld,10271,2,20261009
nafld,10272,5,20261009
nafld,10294,1,20261009
nafld,10297,3,20261009
nafld,10324,1,20261009
nafld,10337,4,20261009
nafld,10347,5,20261009
nafld,10350,4,20261009
nafld,10356,5,20261009
nafld,10380,1,20261009
nafld,10386,4,20261009
nafld,10417,3,20261009
nafld,10430,5,20261009
nafld,10443,1,20261009
nafld,10449,5,20261009
nafld,10462,1,20261009
nafld,10465,5,20261009
nafld,10477,4,20261009
nafld,10478,5,20261009
nafld,10487,4,20261009
nafld,10492,2,20261009
nafld,10497,4,20261009
nafld,10500,5,20261009
nafld,10504,2,20261009
nafld,10540,3,20261009
nafld,10566,2,20261009
nafld,10578,1,20261009
nafld,10589,2,20261009
nafld,10599,4,20261009
nafld,10606,3,20261009
nafld,10612,1,20261009
nafld,10618,1,20261009
nafld,10619,2,20261009
nafld,10664,3,20261009
nafld,10667,3,20261009
nafld,10674,2,20261009
nafld,10707,4,20261009
nafld,10714,4,20261009
nafld,10751,1,20261009
nafld,10753,5,20261009
nafld,10756,2,20261009
nafld,10760,4,20261009
nafld,10762,2,20261009
nafld,10767,1,20261009
nafld,10785,3,20261009
nafld,10818,4,20261009
nafld,10849,1,20261009
nafld,10858,1,20261009
nafld,10860,3,20261009
nafld,10861,3,20261009
nafld,10876,5,20261009
nafld,10885,3,20261009
nafld,10895,1,20261009
nafld,10897,3,20261009
nafld,10911,2,20261009
nafld,10943,5,20261009
nafld,10949,2,20261009
nafld,10951,3,20261009
nafld,10952,3,20261009
nafld,10989,3,20261009
nafld,11014,1,20261009
nafld,11018,5,20261009
nafld,11042,3,20261009
nafld,11076,2,20261009
nafld,11078,1,20261009
nafld,11107,3,20261009
nafld,11117,5,20261009
nafld,11137,1,20261009
nafld,11157,5,20261009
nafld,11160,1,20261009
nafld,11167,4,20261009
nafld,11177,2,20261009
nafld,11184,2,20261009
nafld,11191,5,20261009
nafld,11193,5,20261009
nafld,11202,4,20261009
nafld,11213,1,20261009
nafld,11215,5,20261009
nafld,11237,1,20261009
nafld,11241,2,20261009
nafld,11248,2,20261009
nafld,11261,5,20261009
nafld,11265,5,20261009
nafld,11285,1,20261009
nafld,11320,3,20261009
nafld,11350,5,20261009
nafld,11351,4,20261009
nafld,11370,3,20261009
nafld,11392,4,20261009
nafld,11402,1,20261009
nafld,11414,2,20261009
nafld,11455,2,20261009
nafld,11467,5,20261009
nafld,11476,1,20261009
nafld,11502,3,20261009
nafld,11513,3,20261009
nafld,11522,5,20261009
nafld,11524,3,20261009
nafld,11528,4,20261009
nafld,11532,5,20261009
nafld,11537,4,20261009
nafld,11548,3,20261009
nafld,11554,5,20261009
nafld,11576,4,20261009
nafld,11590,3,20261009
nafld,11609,1,20261009
nafld,11671,1,20261009
nafld,11672,3,20261009
nafld,11685,5,20261009
nafld,11698,4,20261009
nafld,11711,2,20261009
nafld,11716,5,20261009
nafld,11723,1,20261009
nafld,11731,3,20261009
nafld,11753,5,20261009
nafld,11754,3,20261009
nafld,11760,5,20261009
nafld,11761,3,20261009
nafld,11766,5,20261009
nafld,11777,1,20261009
nafld,11779,5,20261009
nafld,11786,1,20261009
nafld,11795,4,20261009
nafld,11834,5,20261009
nafld,11844,5,20261009
nafld,11859,2,20261009
nafld,11878,5,20261009
nafld,11907,1,20261009
nafld,11928,2,20261009
nafld,11961,5,20261009
nafld,11972,4,20261009
nafld,11984,3,20261009
nafld,11992,4,20261009
nafld,11994,1,20261009
nafld,12004,3,20261009
nafld,12007,5,20261009
nafld,12008,2,20261009
nafld,12017,4,20261009
nafld,12038,4,20261009
nafld,12069,5,20261009
nafld,12078,2,20261009
nafld,12139,3,20261009
nafld,12164,2,20261009
nafld,12183,3,20261009
nafld,12207,5,20261009
nafld,12215,4,20261009
nafld,12216,5,20261009
nafld,12233,4,20261009
nafld,12247,1,20261009
nafld,12263,4,20261009
nafld,12278,4,20261009
nafld,12280,2,20261009
nafld,12281,3,20261009
nafld,12291,5,20261009
nafld,12299,2,20261009
nafld,12337,1,20261009
nafld,12339,2,20261009
nafld,12361,3,20261009
nafld,12375,1,20261009
nafld,12380,3,20261009
nafld,12412,2,20261009
nafld,12413,2,20261009
nafld,12429,2,20261009
nafld,12433,1,20261009
nafld,12448,2,20261009
nafld,12453,2,20261009
nafld,12546,1,20261009
nafld,12575,1,20261009
nafld,12581,3,20261009
nafld,12622,1,20261009
nafld,12628,2,20261009
nafld,12643,5,20261009
nafld,12657,3,20261009
nafld,12660,1,20261009
nafld,12678,2,20261009
nafld,12683,4,20261009
nafld,12691,4,20261009
nafld,12697,2,20261009
nafld,12707,2,20261009
nafld,12733,3,20261009
nafld,12736,4,20261009
nafld,12758,1,20261009
nafld,12763,3,20261009
nafld,12804,4,20261009
nafld,12805,3,20261009
nafld,12809,2,20261009
nafld,12810,1,20261009
nafld,12817,2,20261009
nafld,12827,1,20261009
nafld,12858,3,20261009
nafld,12878,2,20261009
nafld,12892,5,20261009
nafld,12910,3,20261009
nafld,12914,3,20261009
nafld,12920,1,20261009
nafld,12954,3,20261009
nafld,12983,2,20261009
nafld,13047,3,20261009
nafld,13063,4,20261009
nafld,13079,1,20261009
nafld,13102,5,20261009
nafld,13108,5,20261009
nafld,13117,5,20261009
nafld,13128,1,20261009
nafld,13141,1,20261009
nafld,13151,3,20261009
nafld,13154,2,20261009
nafld,13171,5,20261009
nafld,13183,3,20261009
nafld,13207,5,20261009
nafld,13234,3,20261009
nafld,13248,5,20261009
nafld,13267,3,20261009
nafld,13271,3,20261009
nafld,13323,4,20261009
nafld,13327,2,20261009
nafld,13332,3,20261009
nafld,13347,1,20261009
nafld,13354,1,20261009
nafld,13373,5,20261009
nafld,13431,1,20261009
nafld,13434,2,20261009
nafld,13447,3,20261009
nafld,13448,5,20261009
nafld,13452,5,20261009
nafld,13468,2,20261009
nafld,13487,1,20261009
nafld,13489,5,20261009
nafld,13510,4,20261009
nafld,13517,1,20261009
nafld,13548,3,20261009
nafld,13552,5,20261009
nafld,13566,1,20261009
nafld,13594,1,20261009
nafld,13631,1,20261009
nafld,13651,5,20261009
nafld,13667,4,20261009
nafld,13675,2,20261009
nafld,13715,1,20261009
nafld,13762,4,20261009
nafld,13774,2,20261009
nafld,13907,3,20261009
nafld,13913,3,20261009
nafld,13948,4,20261009
nafld,13968,5,20261009
nafld,13975,3,20261009
nafld,13986,2,20261009
nafld,13987,2,20261009
nafld,13992,2,20261009
nafld,13998,4,20261009
nafld,14021,1,20261009
nafld,14030,1,20261009
nafld,14033,1,20261009
nafld,14035,5,20261009
nafld,14038,2,20261009
nafld,14120,3,20261009
nafld,14139,1,20261009
nafld,14149,5,20261009
nafld,14154,5,20261009
nafld,14170,3,20261009
nafld,14174,4,20261009
nafld,14182,2,20261009
nafld,14191,1,20261009
nafld,14197,4,20261009
nafld,14203,5,20261009
nafld,14204,1,20261009
nafld,14216,2,20261009
nafld,14244,5,20261009
nafld,14259,1,20261009
nafld,14318,5,20261009
nafld,14342,2,20261009
nafld,14346,5,20261009
nafld,14352,2,20261009
nafld,14366,1,20261009
nafld,14372,2,20261009
nafld,14381,5,20261009
nafld,14390,1,20261009
nafld,14396,2,20261009
nafld,14404,3,20261009
nafld,14412,2,20261009
nafld,14413,4,20261009
nafld,14431,5,20261009
nafld,14438,3,20261009
nafld,14439,1,20261009
nafld,14466,1,20261009
nafld,14468,5,20261009
nafld,14497,2,20261009
nafld,14501,3,20261009
nafld,14509,1,20261009
nafld,14516,4,20261009
nafld,14521,2,20261009
nafld,14555,1,20261009
nafld,14602,3,20261009
nafld,14603,4,20261009
nafld,14632,2,20261009
nafld,14635,1,20261009
nafld,14658,2,20261009
nafld,14659,2,20261009
nafld,14665,5,20261009
nafld,14668,2,20261009
nafld,14685,2,20261009
nafld,14687,1,20261009
nafld,14704,1,20261009
nafld,14730,4,20261009
nafld,14751,3,20261009
nafld,14777,5,20261009
nafld,14792,3,20261009
nafld,14821,1,20261009
nafld,14828,4,20261009
nafld,14840,4,20261009
nafld,14893,5,20261009
nafld,14900,3,20261009
nafld,14901,2,20261009
nafld,14912,1,20261009
nafld,14926,4,20261009
nafld,14929,4,20261009
nafld,14939,3,20261009
nafld,14946,1,20261009
nafld,14950,4,20261009
nafld,14992,1,20261009
nafld,15012,2,20261009
nafld,15034,3,20261009
nafld,15055,3,20261009
nafld,15071,3,20261009
nafld,15075,4,20261009
nafld,15088,4,20261009
nafld,15098,1,20261009
nafld,15110,1,20261009
nafld,15126,1,20261009
nafld,15140,2,20261009
nafld,15169,1,20261009
nafld,15177,5,20261009
nafld,15180,4,20261009
nafld,15202,1,20261009
nafld,15207,3,20261009
nafld,15214,5,20261009
nafld,15238,1,20261009
nafld,15283,4,20261009
nafld,15296,1,20261009
nafld,15331,1,20261009
nafld,15345,5,20261009
nafld,15350,3,20261009
nafld,15351,5,20261009
nafld,15367,4,20261009
nafld,15374,1,20261009
nafld,15412,1,20261009
nafld,15431,2,20261009
nafld,15471,1,20261009
nafld,15496,1,20261009
nafld,15513,5,20261009
nafld,15522,2,20261009
nafld,15547,3,20261009
nafld,15554,2,20261009
nafld,15557,4,20261009
nafld,15581,4,20261009
nafld,15585,2,20261009
nafld,15596,3,20261009
nafld,15601,2,20261009
nafld,15602,1,20261009
nafld,15625,2,20261009
nafld,15646,1,20261009
nafld,15652,4,20261009
nafld,15670,2,20261009
nafld,15688,3,20261009
nafld,15702,1,20261009
nafld,15712,1,20261009
nafld,15717,4,20261009
nafld,15724,1,20261009
nafld,15728,5,20261009
nafld,15737,3,20261009
nafld,15749,2,20261009
nafld,15763,5,20261009
nafld,15800,5,20261009
nafld,15842,4,20261009
nafld,15843,1,20261009
nafld,15859,1,20261009
nafld,15896,5,20261009
nafld,15899,4,20261009
nafld,15906,1,20261009
nafld,15932,2,20261009
nafld,15935,3,20261009
nafld,15955,4,20261009
nafld,15996,5,20261009
nafld,16001,4,20261009
nafld,16016,2,20261009
nafld,16020,2,20261009
nafld,16024,3,20261009
nafld,16031,4,20261009
nafld,16041,3,20261009
nafld,16060,5,20261009
nafld,16064,2,20261009
nafld,16066,2,20261009
nafld,16067,1,20261009
nafld,16103,5,20261009
nafld,16107,2,20261009
nafld,16109,3,20261009
nafld,16156,5,20261009
nafld,16164,2,20261009
nafld,16231,5,20261009
nafld,16257,4,20261009
nafld,16275,3,20261009
nafld,16280,4,20261009
nafld,16297,3,20261009
nafld,16303,3,20261009
nafld,16305,4,20261009
nafld,16327,2,20261009
nafld,16330,4,20261009
nafld,16360,2,20261009
nafld,16366,2,20261009
nafld,16369,4,20261009
nafld,16397,4,20261009
nafld,16403,2,20261009
nafld,16467,5,20261009
nafld,16477,2,20261009
nafld,16491,3,20261009
nafld,16501,2,20261009
nafld,16507,4,20261009
nafld,16513,3,20261009
nafld,16527,4,20261009
nafld,16529,4,20261009
nafld,16535,2,20261009
nafld,16539,2,20261009
nafld,16540,1,20261009
nafld,16550,1,20261009
nafld,16569,5,20261009
nafld,16595,3,20261009
nafld,16604,2,20261009
nafld,16632,1,20261009
nafld,16653,5,20261009
nafld,16683,5,20261009
nafld,16700,4,20261009
nafld,16708,2,20261009
nafld,16730,1,20261009
nafld,16765,2,20261009
nafld,16770,4,20261009
nafld,16788,3,20261009
nafld,16793,2,20261009
nafld,16796,1,20261009
nafld,16798,1,20261009
nafld,16804,3,20261009
nafld,16814,2,20261009
nafld,16819,5,20261009
nafld,16831,3,20261009
nafld,16848,3,20261009
nafld,16853,3,20261009
nafld,16864,5,20261009
nafld,16865,1,20261009
nafld,16873,2,20261009
nafld,16874,3,20261009
nafld,16880,3,20261009
nafld,16892,2,20261009
nafld,16896,3,20261009
nafld,16928,2,20261009
nafld,16950,1,20261009
nafld,16955,5,20261009
nafld,16971,3,20261009
nafld,16974,5,20261009
nafld,16990,2,20261009
nafld,17001,4,20261009
nafld,17005,1,20261009
nafld,17008,3,20261009
nafld,17033,4,20261009
nafld,17037,3,20261009
nafld,17042,1,20261009
nafld,17043,4,20261009
nafld,17062,4,20261009
nafld,17097,2,20261009
nafld,17113,5,20261009
nafld,17124,1,20261009
nafld,17180,1,20261009
nafld,17212,4,20261009
nafld,17220,3,20261009
nafld,17254,5,20261009
nafld,17279,5,20261009
nafld,17294,1,20261009
nafld,17296,2,20261009
nafld,17319,1,20261009
nafld,17322,5,20261009
nafld,17332,1,20261009
nafld,17347,1,20261009
nafld,17356,3,20261009
nafld,17440,1,20261009
nafld,17468,4,20261009
nafld,17470,3,20261009
nafld,17474,1,20261009
nafld,17477,3,20261009
nafld,17486,4,20261009
nafld,17492,2,20261009
nafld,17513,4,20261009
nafld,17518,4,20261009
nafld,17527,5,20261009
nafld,17555,2,20261009
nafld,17566,2,20261009
pbcseq,5,2,20261110
pbcseq,38,5,20261110
pbcseq,42,5,20261110
pbcseq,44,2,20261110
pbcseq,54,5,20261110
pbcseq,68,3,20261110
pbcseq,72,1,20261110
pbcseq,73,4,20261110
pbcseq,90,3,20261110
pbcseq,93,1,20261110
pbcseq,98,4,20261110
pbcseq,105,2,20261110
pbcseq,110,4,20261110
pbcseq,120,5,20261110
pbcseq,146,5,20261110
pbcseq,150,5,20261110
pbcseq,158,2,20261110
pbcseq,184,4,20261110
pbcseq,198,1,20261110
pbcseq,200,4,20261110
pbcseq,203,1,20261110
pbcseq,218,4,20261110
pbcseq,224,4,20261110
pbcseq,225,5,20261110
pbcseq,228,1,20261110
pbcseq,230,3,20261110
pbcseq,234,3,20261110
pbcseq,236,5,20261110
pbcseq,254,5,20261110
pbcseq,255,5,20261110
pbcseq,272,2,20261110
pbcseq,275,3,20261110
pbcseq,277,1,20261110
pbcseq,286,4,20261110
pbcseq,299,1,20261110
pbcseq,302,1,20261110
pbcseq,304,1,20261110
pbcseq,311,5,20261110
pbcseq,13,3,20261110
pbcseq,16,4,20261110
pbcseq,19,5,20261110
pbcseq,24,3,20261110
pbcseq,25,3,20261110
pbcseq,31,1,20261110
pbcseq,35,4,20261110
pbcseq,40,3,20261110
pbcseq,43,3,20261110
pbcseq,45,2,20261110
pbcseq,46,3,20261110
pbcseq,47,2,20261110
pbcseq,48,4,20261110
pbcseq,58,3,20261110
pbcseq,61,2,20261110
pbcseq,65,3,20261110
pbcseq,66,4,20261110
pbcseq,69,2,20261110
pbcseq,71,3,20261110
pbcseq,77,3,20261110
pbcseq,78,1,20261110
pbcseq,79,1,20261110
pbcseq,85,2,20261110
pbcseq,96,2,20261110
pbcseq,99,2,20261110
pbcseq,101,4,20261110
pbcseq,104,4,20261110
pbcseq,109,2,20261110
pbcseq,115,5,20261110
pbcseq,117,1,20261110
pbcseq,118,1,20261110
pbcseq,125,2,20261110
pbcseq,127,2,20261110
pbcseq,132,3,20261110
pbcseq,134,2,20261110
pbcseq,135,3,20261110
pbcseq,139,4,20261110
pbcseq,141,4,20261110
pbcseq,153,5,20261110
pbcseq,155,2,20261110
pbcseq,157,2,20261110
pbcseq,161,3,20261110
pbcseq,166,1,20261110
pbcseq,168,4,20261110
pbcseq,170,2,20261110
pbcseq,172,3,20261110
pbcseq,179,4,20261110
pbcseq,180,1,20261110
pbcseq,181,2,20261110
pbcseq,185,1,20261110
pbcseq,194,4,20261110
pbcseq,197,1,20261110
pbcseq,205,2,20261110
pbcseq,210,3,20261110
pbcseq,212,3,20261110
pbcseq,219,5,20261110
pbcseq,245,5,20261110
pbcseq,249,5,20261110
pbcseq,269,2,20261110
pbcseq,273,3,20261110
pbcseq,274,5,20261110
pbcseq,280,4,20261110
pbcseq,284,1,20261110
pbcseq,285,1,20261110
pbcseq,288,4,20261110
pbcseq,301,1,20261110
pbcseq,2,1,20261110
pbcseq,4,5,20261110
pbcseq,7,4,20261110
pbcseq,11,4,20261110
pbcseq,20,2,20261110
pbcseq,32,5,20261110
pbcseq,34,1,20261110
pbcseq,36,1,20261110
pbcseq,39,2,20261110
pbcseq,50,5,20261110
pbcseq,51,1,20261110
pbcseq,57,2,20261110
pbcseq,60,2,20261110
pbcseq,70,4,20261110
pbcseq,83,3,20261110
pbcseq,84,1,20261110
pbcseq,102,4,20261110
pbcseq,112,5,20261110
pbcseq,114,3,20261110
pbcseq,122,4,20261110
pbcseq,124,1,20261110
pbcseq,136,4,20261110
pbcseq,140,3,20261110
pbcseq,142,3,20261110
pbcseq,145,1,20261110
pbcseq,151,4,20261110
pbcseq,156,3,20261110
pbcseq,160,5,20261110
pbcseq,171,5,20261110
pbcseq,174,1,20261110
pbcseq,175,3,20261110
pbcseq,177,2,20261110
pbcseq,182,4,20261110
pbcseq,190,2,20261110
pbcseq,192,3,20261110
pbcseq,196,5,20261110
pbcseq,209,3,20261110
pbcseq,211,5,20261110
pbcseq,216,5,20261110
pbcseq,221,1,20261110
pbcseq,226,3,20261110
pbcseq,227,1,20261110
pbcseq,231,2,20261110
pbcseq,237,2,20261110
pbcseq,240,1,20261110
pbcseq,248,5,20261110
pbcseq,251,3,20261110
pbcseq,257,2,20261110
pbcseq,259,4,20261110
pbcseq,266,5,20261110
pbcseq,279,2,20261110
pbcseq,287,4,20261110
pbcseq,293,5,20261110
pbcseq,306,4,20261110
pbcseq,309,5,20261110
