diagnostic_cell_id,phase,regime,gamma,theta,delta,entry_sd,replicates,mean_entry_x_correlation,entry_x_detection_probability,entry_x_detection_mcse,mean_entry_u_correlation_oracle,structural_detection_probability,structural_detection_mcse,any_riskset_shift_detection_probability,any_riskset_shift_detection_mcse,combined_detection_probability,combined_detection_mcse,landmark_index,landmark,mean_naive_rows,mean_strict_rows,mean_preentry_rows,mean_preentry_fraction,mean_naive_minus_strict_mean_x,riskset_shift_detection_probability,riskset_shift_detection_mcse
1,focused,B,-4,0,0,0.25,1000,-0.997972752194338,1,0,,1,0,1,0,1,0,1,50,651.034,553.965,97.069,0.149089534475045,-0.259413744640161,1,0
1,focused,B,-4,0,0,0.25,1000,-0.997972752194338,1,0,,1,0,1,0,1,0,2,54,585.396,573.271,12.125,0.020713156399375,-0.0487955557047011,0.999,0.000999499874937461
1,focused,B,-4,0,0,0.25,1000,-0.997972752194338,1,0,,1,0,1,0,1,0,3,58,523.319,522.74,0.579,0.00110641288161157,-0.00355248981938203,0.069,0.00801492358042171
2,focused,B,-4,0,0,4,1000,-0.705447752249375,1,0,,1,0,1,0,1,0,1,50,644.489,488.182,156.307,0.242532361894329,-0.270241811761796,1,0
2,focused,B,-4,0,0,4,1000,-0.705447752249375,1,0,,1,0,1,0,1,0,2,54,584.841,537.01,47.831,0.0817851170000054,-0.108209773978452,1,0
2,focused,B,-4,0,0,4,1000,-0.705447752249375,1,0,,1,0,1,0,1,0,3,58,525.013,515.496,9.517,0.0181263282900119,-0.0301752161191276,0.963,0.00596917079668525
3,focused,B,-4,0,0,10,1000,-0.358284394702667,1,0,,1,0,1,0,1,0,1,50,621.954,390.694,231.26,0.371832372756638,-0.191365674983344,1,0
3,focused,B,-4,0,0,10,1000,-0.358284394702667,1,0,,1,0,1,0,1,0,2,54,573.512,433.422,140.09,0.244281759728304,-0.129239437180825,1,0
3,focused,B,-4,0,0,10,1000,-0.358284394702667,1,0,,1,0,1,0,1,0,3,58,522.336,448.494,73.842,0.141373486319284,-0.0788741267488514,0.985,0.00384382621875652
4,focused,B,-2,0,0,0.25,1000,-0.991787559182212,1,0,,0.997,0.00172945077987204,0.966,0.00573096850453743,1,0,1,50,656.591,650.016,6.575,0.0100135551611016,-0.0258955694707268,0.966,0.00573096850453743
4,focused,B,-2,0,0,0.25,1000,-0.991787559182212,1,0,,0.997,0.00172945077987204,0.966,0.00573096850453743,1,0,2,54,589.52,589.517,0.003,5.18215572863281e-06,-2.31499800054803e-05,0,0
4,focused,B,-2,0,0,0.25,1000,-0.991787559182212,1,0,,0.997,0.00172945077987204,0.966,0.00573096850453743,1,0,3,58,528.818,528.818,0,0,0,0,0
5,focused,B,-2,0,0,4,1000,-0.448034603121856,1,0,,1,0,1,0,1,0,1,50,649.391,544.031,105.36,0.162238485801585,-0.120389877819748,1,0
5,focused,B,-2,0,0,4,1000,-0.448034603121856,1,0,,1,0,1,0,1,0,2,54,586.267,568.306,17.961,0.0306293453071963,-0.029761787142136,0.938,0.00762600813007697
5,focused,B,-2,0,0,4,1000,-0.448034603121856,1,0,,1,0,1,0,1,0,3,58,525.237,523.688,1.549,0.00294978710564138,-0.00379912051384036,0.057,0.00733150734842433
6,focused,B,-2,0,0,10,1000,-0.204541379494914,1,0,,1,0,0.904,0.00931579304192617,1,0,1,50,624.39,406.07,218.32,0.349667164702797,-0.0981029632590195,0.86,0.0109726933794762
6,focused,B,-2,0,0,10,1000,-0.204541379494914,1,0,,1,0,0.904,0.00931579304192617,1,0,2,54,575.262,448.376,126.886,0.220601284469017,-0.0633630893416474,0.726,0.0141040419738457
6,focused,B,-2,0,0,10,1000,-0.204541379494914,1,0,,1,0,0.904,0.00931579304192617,1,0,3,58,523.442,460.38,63.062,0.120499829241688,-0.0369314581190198,0.486,0.0158051890213309
7,focused,B,-1,0,0,0.25,1000,-0.968208642387504,1,0,,0.001,0.000999499874937461,0,0,1,0,1,50,653.675,653.674,0.001,1.51975683890579e-06,-6.99853964628414e-06,0,0
7,focused,B,-1,0,0,0.25,1000,-0.968208642387504,1,0,,0.001,0.000999499874937461,0,0,1,0,2,54,585.114,585.114,0,0,0,0,0
7,focused,B,-1,0,0,0.25,1000,-0.968208642387504,1,0,,0.001,0.000999499874937461,0,0,1,0,3,58,523.683,523.683,0,0,0,0,0
8,focused,B,-1,0,0,4,1000,-0.249206417760202,1,0,,1,0,0.912,0.00895857131466843,1,0,1,50,649.493,564.551,84.942,0.130779791872272,-0.0549771201596698,0.904,0.00931579304192617
8,focused,B,-1,0,0,4,1000,-0.249206417760202,1,0,,1,0,0.912,0.00895857131466843,1,0,2,54,584.796,573.751,11.045,0.0188893436238839,-0.0102697723140429,0.23,0.0133078923951165
8,focused,B,-1,0,0,4,1000,-0.249206417760202,1,0,,1,0,0.912,0.00895857131466843,1,0,3,58,523.637,523.035,0.602,0.00115022724480046,-0.00083788291557081,0.006,0.00244213021765835
9,focused,B,-1,0,0,10,1000,-0.123146037571921,0.92,0.00857904423581089,,1,0,0.4,0.0154919333848297,0.921,0.00852988862764339,1,50,623.579,412.352,211.227,0.338737568504448,-0.0520848140643056,0.295,0.0144213383567546
9,focused,B,-1,0,0,10,1000,-0.123146037571921,0.92,0.00857904423581089,,1,0,0.4,0.0154919333848297,0.921,0.00852988862764339,2,54,573.982,453.112,120.87,0.210598896269581,-0.0330504392435424,0.201,0.0126727660753286
9,focused,B,-1,0,0,10,1000,-0.123146037571921,0.92,0.00857904423581089,,1,0,0.4,0.0154919333848297,0.921,0.00852988862764339,3,58,521.85,462.831,59.019,0.113106320527916,-0.0191562064609124,0.134,0.0107723720693262
10,focused,A,0,0,0,0.25,1000,-0.00150975912598191,0.054,0.00714730718522718,,0,0,0,0,0.054,0.00714730718522718,1,50,653.602,653.602,0,0,0,0,0
10,focused,A,0,0,0,0.25,1000,-0.00150975912598191,0.054,0.00714730718522718,,0,0,0,0,0.054,0.00714730718522718,2,54,585.881,585.881,0,0,0,0,0
10,focused,A,0,0,0,0.25,1000,-0.00150975912598191,0.054,0.00714730718522718,,0,0,0,0,0.054,0.00714730718522718,3,58,525.305,525.305,0,0,0,0,0
11,focused,A,0,0,0,4,1000,-0.0149724921208938,0.061,0.00756828910652864,,1,0,0.033,0.00564898220921256,0.089,0.00900438781928011,1,50,649.836,575.795,74.041,0.113942618768085,-0.00096896529052985,0.016,0.00396787096564392
11,focused,A,0,0,0,4,1000,-0.0149724921208938,0.061,0.00756828910652864,,1,0,0.033,0.00564898220921256,0.089,0.00900438781928011,2,54,585.474,577.19,8.284,0.0141464653196615,6.09275419515344e-05,0.015,0.00384382621875651
11,focused,A,0,0,0,4,1000,-0.0149724921208938,0.061,0.00756828910652864,,1,0,0.033,0.00564898220921256,0.089,0.00900438781928011,3,58,524.724,524.371,0.353,0.000673323972829824,2.13385915828087e-05,0.002,0.00141279864099595
12,focused,A,0,0,0,10,1000,-0.033459682013898,0.156,0.0114744934528719,,1,0,0.041,0.00627048642451285,0.176,0.0120425910833176,1,50,626.585,419.123,207.462,0.331090183123525,-0.00681017296840637,0.021,0.00453420334788814
12,focused,A,0,0,0,10,1000,-0.033459682013898,0.156,0.0114744934528719,,1,0,0.041,0.00627048642451285,0.176,0.0120425910833176,2,54,577.533,459.805,117.728,0.203841160159448,-0.00349346631524911,0.015,0.00384382621875651
12,focused,A,0,0,0,10,1000,-0.033459682013898,0.156,0.0114744934528719,,1,0,0.041,0.00627048642451285,0.176,0.0120425910833176,3,58,525.979,468.931,57.048,0.10844436341064,-0.00131610021481327,0.013,0.00358203852575597
13,frailty,C,0,0,-2,0.25,1000,-0.00620924539213591,0.051,0.00695693898205238,-0.992273963712108,0.988,0.00344325427466518,0.029,0.00530650544143695,0.078,0.00848033018225116,1,50,653.22,648.609,4.611,0.00705746947082054,7.58684623998841e-05,0.029,0.00530650544143695
13,frailty,C,0,0,-2,0.25,1000,-0.00620924539213591,0.051,0.00695693898205238,-0.992273963712108,0.988,0.00344325427466518,0.029,0.00530650544143695,0.078,0.00848033018225116,2,54,584.866,584.862,0.004,6.89285400405424e-06,-4.51333039194206e-07,0,0
13,frailty,C,0,0,-2,0.25,1000,-0.00620924539213591,0.051,0.00695693898205238,-0.992273963712108,0.988,0.00344325427466518,0.029,0.00530650544143695,0.078,0.00848033018225116,3,58,523.585,523.585,0,0,0,0,0
14,frailty,C,0,0,-2,4,1000,-0.0187046312725292,0.082,0.00867617427210865,-0.446304182104678,1,0,0.052,0.00702111102319284,0.118,0.0102017645532525,1,50,648.755,557.189,91.566,0.14114102677314,-0.00134982011726733,0.019,0.00431729081716764
14,frailty,C,0,0,-2,4,1000,-0.0187046312725292,0.082,0.00867617427210865,-0.446304182104678,1,0,0.052,0.00702111102319284,0.118,0.0102017645532525,2,54,586.092,571.218,14.874,0.025374134327616,-0.000357076513599609,0.016,0.00396787096564392
14,frailty,C,0,0,-2,4,1000,-0.0187046312725292,0.082,0.00867617427210865,-0.446304182104678,1,0,0.052,0.00702111102319284,0.118,0.0102017645532525,3,58,525.647,524.49,1.157,0.00219985527406912,-6.15389756917815e-05,0.019,0.00431729081716764
15,frailty,C,0,0,-2,10,1000,-0.0349308152312298,0.16,0.0115931013969516,-0.175742631086492,1,0,0.041,0.00627048642451285,0.18,0.01214907403879,1,50,624.468,415.572,208.896,0.334533842300349,-0.00693664886636761,0.017,0.00408790900094413
15,frailty,C,0,0,-2,10,1000,-0.0349308152312298,0.16,0.0115931013969516,-0.175742631086492,1,0,0.041,0.00627048642451285,0.18,0.01214907403879,2,54,575.184,455.293,119.891,0.208455112572066,-0.00291781929723434,0.015,0.00384382621875651
15,frailty,C,0,0,-2,10,1000,-0.0349308152312298,0.16,0.0115931013969516,-0.175742631086492,1,0,0.041,0.00627048642451285,0.18,0.01214907403879,3,58,523.529,464.778,58.751,0.112222989416031,-0.00158652717101204,0.013,0.00358203852575597
16,frailty,C,0,0,0,0.25,1000,-0.000792071910511625,0.062,0.00762600813007697,,0,0,0,0,0.062,0.00762600813007697,1,50,652.96,652.96,0,0,0,0,0
16,frailty,C,0,0,0,0.25,1000,-0.000792071910511625,0.062,0.00762600813007697,,0,0,0,0,0.062,0.00762600813007697,2,54,584.359,584.359,0,0,0,0,0
16,frailty,C,0,0,0,0.25,1000,-0.000792071910511625,0.062,0.00762600813007697,,0,0,0,0,0.062,0.00762600813007697,3,58,523.064,523.064,0,0,0,0,0
17,frailty,C,0,0,0,4,1000,-0.0162183291958186,0.071,0.00812151463706124,,1,0,0.046,0.00662449998113065,0.109,0.00985489725973843,1,50,650.381,576.388,73.993,0.113767103336768,-0.000869015602003045,0.02,0.00442718872423573
17,frailty,C,0,0,0,4,1000,-0.0162183291958186,0.071,0.00812151463706124,,1,0,0.046,0.00662449998113065,0.109,0.00985489725973843,2,54,586.126,577.885,8.241,0.0140598480216123,-0.000369168579806474,0.022,0.00463853425124791
17,frailty,C,0,0,0,4,1000,-0.0162183291958186,0.071,0.00812151463706124,,1,0,0.046,0.00662449998113065,0.109,0.00985489725973843,3,58,525.491,525.125,0.366,0.000696437751431217,-8.97851743511238e-05,0.006,0.00244213021765835
18,frailty,C,0,0,0,10,1000,-0.0366237745959329,0.162,0.0116514376795312,,1,0,0.045,0.00655553201502365,0.188,0.0123554036761249,1,50,624.065,417.164,206.901,0.33153366345374,-0.00743187081662776,0.019,0.00431729081716764
18,frailty,C,0,0,0,10,1000,-0.0366237745959329,0.162,0.0116514376795312,,1,0,0.045,0.00655553201502365,0.188,0.0123554036761249,2,54,574.794,457.694,117.1,0.203736268678614,-0.00419763343250175,0.02,0.00442718872423573
18,frailty,C,0,0,0,10,1000,-0.0366237745959329,0.162,0.0116514376795312,,1,0,0.045,0.00655553201502365,0.188,0.0123554036761249,3,58,522.809,466.316,56.493,0.10806937774773,-0.00207494006992935,0.018,0.00420428352992516
19,frailty,C,0,0.5,-2,0.25,1000,0.0742530992280125,0.514,0.0158051890213309,-0.991645192207549,1,0,0.021,0.00453420334788814,0.525,0.0157916116973538,1,50,655.604,648.508,7.096,0.0108273642764035,0.0016106143446036,0.021,0.00453420334788814
19,frailty,C,0,0.5,-2,0.25,1000,0.0742530992280125,0.514,0.0158051890213309,-0.991645192207549,1,0,0.021,0.00453420334788814,0.525,0.0157916116973538,2,54,586.852,586.85,0.002,3.39559552634614e-06,3.66572369278681e-06,0,0
19,frailty,C,0,0.5,-2,0.25,1000,0.0742530992280125,0.514,0.0158051890213309,-0.991645192207549,1,0,0.021,0.00453420334788814,0.525,0.0157916116973538,3,58,525.24,525.24,0,0,0,0,0
20,frailty,C,0,0.5,-2,4,1000,0.0173776394665472,0.072,0.00817410545564467,-0.446686381834164,1,0,0.075,0.00832916562447884,0.129,0.0105999528300837,1,50,649.313,541.626,107.687,0.165861789452068,0.00870540585150533,0.03,0.00539444158370447
20,frailty,C,0,0.5,-2,4,1000,0.0173776394665472,0.072,0.00817410545564467,-0.446686381834164,1,0,0.075,0.00832916562447884,0.129,0.0105999528300837,2,54,586.217,567.493,18.724,0.0319354363555297,0.00233729380611509,0.026,0.00503229569878401
20,frailty,C,0,0.5,-2,4,1000,0.0173776394665472,0.072,0.00817410545564467,-0.446686381834164,1,0,0.075,0.00832916562447884,0.129,0.0105999528300837,3,58,525.58,523.989,1.591,0.00302510744189287,0.000378446226642213,0.022,0.00463853425124791
21,frailty,C,0,0.5,-2,10,1000,-0.0167582205693521,0.065,0.00779583221984671,-0.206154712241579,1,0,0.049,0.00682634602111554,0.104,0.00965318600255895,1,50,623.981,403.117,220.864,0.353964705527735,0.00229333360500126,0.014,0.00371537346709587
21,frailty,C,0,0.5,-2,10,1000,-0.0167582205693521,0.065,0.00779583221984671,-0.206154712241579,1,0,0.049,0.00682634602111554,0.104,0.00965318600255895,2,54,575.648,447.045,128.603,0.223415358767082,0.00268078537867331,0.019,0.00431729081716764
21,frailty,C,0,0.5,-2,10,1000,-0.0167582205693521,0.065,0.00779583221984671,-0.206154712241579,1,0,0.049,0.00682634602111554,0.104,0.00965318600255895,3,58,524.564,460.242,64.322,0.12262501323367,0.0023299464697631,0.02,0.00442718872423573
22,frailty,C,0,0.5,0,0.25,1000,-0.00138332220418594,0.052,0.00702111102319284,-0.00287450309303972,0,0,0,0,0.052,0.00702111102319284,1,50,653.825,653.825,0,0,0,0,0
22,frailty,C,0,0.5,0,0.25,1000,-0.00138332220418594,0.052,0.00702111102319284,-0.00287450309303972,0,0,0,0,0.052,0.00702111102319284,2,54,586.856,586.856,0,0,0,0,0
22,frailty,C,0,0.5,0,0.25,1000,-0.00138332220418594,0.052,0.00702111102319284,-0.00287450309303972,0,0,0,0,0.052,0.00702111102319284,3,58,526.525,526.525,0,0,0,0,0
23,frailty,C,0,0.5,0,4,1000,-0.0141893853369582,0.081,0.00862780389206894,-0.0159854168998928,1,0,0.047,0.00669260786241059,0.121,0.0103130499853341,1,50,651.604,577.848,73.756,0.113194979054104,-0.00154784514955614,0.015,0.00384382621875651
23,frailty,C,0,0.5,0,4,1000,-0.0141893853369582,0.081,0.00862780389206894,-0.0159854168998928,1,0,0.047,0.00669260786241059,0.121,0.0103130499853341,2,54,587.676,579.434,8.242,0.0140300934941614,-0.000185527736977716,0.024,0.00483983470792134
23,frailty,C,0,0.5,0,4,1000,-0.0141893853369582,0.081,0.00862780389206894,-0.0159854168998928,1,0,0.047,0.00669260786241059,0.121,0.0103130499853341,3,58,527.673,527.26,0.413,0.000782377312088757,-5.52499516955929e-07,0.009,0.00298646948753876
24,frailty,C,0,0.5,0,10,1000,-0.0297237635755776,0.125,0.0104582503316759,-0.0405265514298831,1,0,0.043,0.00641490451994416,0.154,0.0114142016803629,1,50,625.689,418.724,206.965,0.330789216538764,-0.00459934883514421,0.013,0.00358203852575597
24,frailty,C,0,0.5,0,10,1000,-0.0297237635755776,0.125,0.0104582503316759,-0.0405265514298831,1,0,0.043,0.00641490451994416,0.154,0.0114142016803629,2,54,577.042,459.955,117.087,0.20290735692611,-0.00225243207271032,0.017,0.00408790900094413
24,frailty,C,0,0.5,0,10,1000,-0.0297237635755776,0.125,0.0104582503316759,-0.0405265514298831,1,0,0.043,0.00641490451994416,0.154,0.0114142016803629,3,58,525.959,469.515,56.444,0.107321630219406,-0.000715384495239141,0.02,0.00442718872423573
