auc_cell_id,phase,regime,gamma,theta,delta,entry_sd,method,strict_target_summary_auc,successful_replicates,bias,empirical_se,mean_estimated_se,se_ratio,coverage,coverage_mcse,power_against_half,power_mcse,mean_rows,mean_events,mean_subjects,failed_replicates
1,focused,B,-4,0,0,0.25,delayed,0.606017101990918,1000,0.00961059903604274,0.0346302804398693,0.0337752155338357,0.975308750169715,0.929,0.00812151463706124,0.916,0.00877177291087725,1759.664,146.715,651.034,0
1,focused,B,-4,0,0,0.25,naive,0.606017101990918,1000,0.0100749421799531,0.0346536421213016,0.0336519718650274,0.971094805770548,0.924,0.00837997613361756,0.919,0.00862780389206894,1759.749,146.715,651.034,0
1,focused,B,-4,0,0,0.25,strict,0.606017101990918,1000,-0.000365319060038278,0.0341450280346837,0.0337280901907051,0.987789207741899,0.946,0.00714730718522718,0.864,0.0108399261990108,1649.976,142.632,644.86,0
2,focused,B,-4,0,0,4,delayed,0.606872722458343,1000,0.011643764667535,0.032360193533336,0.033705554131997,1.04157455354138,0.931,0.00801492358042171,0.925,0.00832916562447884,1750.412,144.155,644.489,0
2,focused,B,-4,0,0,4,naive,0.606872722458343,1000,0.0120721352185944,0.0325062428074996,0.0339094367463281,1.04316690634283,0.931,0.00801492358042171,0.928,0.00817410545564467,1754.343,144.155,644.489,0
2,focused,B,-4,0,0,4,strict,0.606872722458343,1000,-0.00385476898723189,0.0327256956285957,0.0346853216212637,1.05988034646865,0.962,0.00604615580348373,0.84,0.0115931013969516,1540.688,134.927,626.672,0
3,focused,B,-4,0,0,10,delayed,0.610611325708897,1000,0.0291047340176075,0.0330102074828614,0.0334015834925988,1.01185621174725,0.845,0.0114444309600784,0.98,0.00442718872423573,1651.224,128.408,621.954,0
3,focused,B,-4,0,0,10,naive,0.610611325708897,1000,0.0208846591634587,0.034850122500671,0.0351970957964595,1.00995615713494,0.904,0.00931579304192617,0.957,0.00641490451994416,1717.802,128.408,621.954,0
3,focused,B,-4,0,0,10,strict,0.610611325708897,1000,-0.000815721155912427,0.0379911849005307,0.0379868300656608,0.999885372491505,0.939,0.00756828910652864,0.805,0.0125289664378192,1272.61,111.251,539.381,0
4,focused,B,-2,0,0,0.25,delayed,0.612357297270624,1000,-0.000613390019364764,0.0342620788484132,0.0332574089897239,0.970676914756566,0.928,0.00817410545564467,0.909,0.00909499862561837,1774.929,151.043,656.591,0
4,focused,B,-2,0,0,0.25,naive,0.612357297270624,1000,-0.000602690963101111,0.0342615517132434,0.0335071246301704,0.977980358584241,0.938,0.00762600813007697,0.906,0.00922843432007835,1774.929,151.043,656.591,0
4,focused,B,-2,0,0,0.25,strict,0.612357297270624,1000,-0.00142437255770423,0.0343067892538784,0.0333524975066464,0.972183589079991,0.932,0.00796090447122687,0.906,0.00922843432007835,1768.351,150.879,656.151,0
5,focused,B,-2,0,0,4,delayed,0.611402708382698,1000,0.00411351576531306,0.0326314221060292,0.0336438314863922,1.03102559787537,0.95,0.00689202437604511,0.928,0.00817410545564467,1760.576,147.118,649.391,0
5,focused,B,-2,0,0,4,naive,0.611402708382698,1000,0.00332123463295281,0.0327929847036605,0.0337629393907316,1.02957811543647,0.946,0.00714730718522718,0.916,0.00877177291087725,1760.895,147.118,649.391,0
5,focused,B,-2,0,0,4,strict,0.611402708382698,1000,-0.00163906916230012,0.0329548686496976,0.0342249321418732,1.03853947972532,0.953,0.00669260786241059,0.892,0.00981509042240569,1636.025,140.724,641.605,0
6,focused,B,-2,0,0,10,delayed,0.612373034189019,1000,0.0239704904398996,0.0331435632773478,0.0333427867556007,1.00601092515569,0.881,0.0102390917565964,0.98,0.00442718872423573,1668.806,130.983,624.39,0
6,focused,B,-2,0,0,10,naive,0.612373034189019,1000,0.0104516557135071,0.0352380203689509,0.0351034953552735,0.996182390149364,0.936,0.00773976743836661,0.919,0.00862780389206894,1723.094,130.983,624.39,0
6,focused,B,-2,0,0,10,strict,0.612373034189019,1000,-0.000162103478980102,0.0372706878235725,0.0374752763983097,1.0054892621168,0.95,0.00689202437604511,0.827,0.011961229033841,1314.826,113.686,552.549,0
7,focused,B,-1,0,0,0.25,delayed,0.613004669610282,1000,-0.000594780371056046,0.0341612237320724,0.0336322260622096,0.984514674473848,0.943,0.00733150734842434,0.904,0.00931579304192617,1762.472,150.358,653.675,0
7,focused,B,-1,0,0,0.25,naive,0.613004669610282,1000,-0.000594779248647294,0.0341612249270016,0.0335749997753067,0.982839457515133,0.939,0.00756828910652864,0.905,0.00927227048785787,1762.472,150.358,653.675,0
7,focused,B,-1,0,0,0.25,strict,0.613004669610282,1000,-0.00059502406274757,0.0341609651673374,0.0335902455965124,0.983293224648973,0.944,0.00727076337120113,0.903,0.00935900635751467,1762.471,150.358,653.675,0
8,focused,B,-1,0,0,4,delayed,0.612609832367232,1000,0.0026723972819012,0.0336493719494418,0.0337309512336694,1.00242439247752,0.937,0.00768316341099159,0.918,0.00867617427210865,1757.816,148.423,649.493,0
8,focused,B,-1,0,0,4,naive,0.612609832367232,1000,0.00192116256119275,0.0337048081770662,0.033587742691291,0.996526742262998,0.934,0.00785136930732468,0.927,0.00822623850857729,1757.926,148.423,649.493,0
8,focused,B,-1,0,0,4,strict,0.612609832367232,1000,0.000228993454378955,0.0338007070504456,0.0339916800324081,1.00564997003398,0.935,0.0077958322198467,0.91,0.00904986187739901,1661.337,142.45,643.337,0
9,focused,B,-1,0,0,10,delayed,0.612847276397413,1000,0.0202646514894708,0.0341613443164913,0.0335684550966051,0.982644441202509,0.896,0.00965318600255895,0.969,0.00548078461536303,1669.256,131.151,623.579,0
9,focused,B,-1,0,0,10,naive,0.612847276397413,1000,0.0048556542802994,0.035862557560123,0.035541387389528,0.991044415333276,0.945,0.00720936890441875,0.883,0.010164201887015,1719.411,131.151,623.579,0
9,focused,B,-1,0,0,10,strict,0.612847276397413,1000,-7.60361459112829e-05,0.0381797129374172,0.0376128405045315,0.98515252239285,0.942,0.00739161687318817,0.823,0.0120694241784768,1328.295,113.522,555.806,0
10,focused,A,0,0,0,0.25,delayed,0.613004775821511,1000,0.000347648304157647,0.0333824340502658,0.033567496551142,1.00554370902366,0.944,0.00727076337120113,0.911,0.00900438781928011,1764.788,151.297,653.602,0
10,focused,A,0,0,0,0.25,naive,0.613004775821511,1000,0.000347648304157647,0.0333824340502658,0.0333720864026469,0.999690027168081,0.943,0.00733150734842434,0.916,0.00877177291087725,1764.788,151.297,653.602,0
10,focused,A,0,0,0,0.25,strict,0.613004775821511,1000,0.000347648304157647,0.0333824340502658,0.0334417769979414,1.00177766988429,0.944,0.00727076337120113,0.914,0.00886588969026798,1764.788,151.297,653.602,0
11,focused,A,0,0,0,4,delayed,0.613004775821511,1000,0.00155710337570055,0.0342586907539625,0.0333937321653994,0.97475214114938,0.933,0.00790638982089803,0.916,0.00877177291087725,1759.982,149.071,649.836,0
11,focused,A,0,0,0,4,naive,0.613004775821511,1000,0.000378406601943685,0.0344756579971015,0.0336563955770417,0.976236496483152,0.929,0.00812151463706124,0.903,0.00935900635751467,1760.034,149.071,649.836,0
11,focused,A,0,0,0,4,strict,0.613004775821511,1000,0.00038413419981039,0.0346352153274696,0.0339439624881248,0.980041907266661,0.935,0.0077958322198467,0.901,0.00944452222190196,1677.356,143.254,644.503,0
12,focused,A,0,0,0,10,delayed,0.613004775821511,1000,0.0183261541098688,0.0332143354296775,0.0333566804315305,1.00428564955498,0.897,0.00961202372032029,0.97,0.00539444158370447,1681.813,133.828,626.585,0
12,focused,A,0,0,0,10,naive,0.613004775821511,1000,-0.000347661230311014,0.0354508142246842,0.0352152327653766,0.993354695386839,0.942,0.00739161687318817,0.875,0.0104582503316759,1730.097,133.828,626.585,0
12,focused,A,0,0,0,10,strict,0.613004775821511,1000,-0.000553760738549881,0.0382373963499826,0.0372822844895364,0.975021524695243,0.936,0.00773976743836661,0.816,0.0122533260790693,1347.859,115.691,561.092,0
13,frailty,C,0,0,-2,0.25,delayed,0.613001625081437,1000,0.00167599874636844,0.0332073496310351,0.0334155523941501,1.00626977959483,0.941,0.00745110730026082,0.923,0.00843036179532053,1761.671,150.987,653.22,0
13,frailty,C,0,0,-2,0.25,naive,0.613001625081437,1000,0.00166059032037278,0.0331914543832865,0.0334351197022469,1.00734120644871,0.946,0.00714730718522718,0.921,0.00852988862764339,1761.671,150.987,653.22,0
13,frailty,C,0,0,-2,0.25,strict,0.613001625081437,1000,0.00162237027207565,0.0332316325006624,0.0334412909615559,1.0063090027518,0.942,0.00739161687318817,0.918,0.00867617427210865,1757.056,150.6,652.808,0
14,frailty,C,0,0,-2,4,delayed,0.613001625081437,1000,0.00014700969212322,0.0319637434170988,0.0335645579456827,1.05008219806093,0.96,0.00619677335393187,0.91,0.00904986187739901,1760.241,148.365,648.755,0
14,frailty,C,0,0,-2,4,naive,0.613001625081437,1000,-0.00170887690090159,0.032116390683854,0.0336223185127822,1.04688969703203,0.968,0.00556560868189635,0.905,0.00927227048785787,1760.494,148.365,648.755,0
14,frailty,C,0,0,-2,4,strict,0.613001625081437,1000,-0.00151154866622975,0.0326225562912878,0.0340565899504199,1.04395834729589,0.965,0.00581162627841812,0.899,0.00952885092757778,1652.897,140.873,641.761,0
15,frailty,C,0,0,-2,10,delayed,0.613001625081437,1000,0.0173504117558377,0.0341831981491933,0.0334871797371607,0.979638581241146,0.895,0.00969407035254026,0.965,0.00581162627841812,1672.958,132.519,624.468,0
15,frailty,C,0,0,-2,10,naive,0.613001625081437,1000,-0.00163553282567705,0.0359320286858644,0.0353392190087261,0.983501914619937,0.948,0.00702111102319284,0.858,0.0110379345894058,1723.181,132.519,624.468,0
15,frailty,C,0,0,-2,10,strict,0.613001625081437,1000,-0.00162897446622676,0.0382150396449009,0.0375507541708141,0.982617171661749,0.94,0.00750999334220744,0.821,0.0121226647235664,1335.643,114.344,557.144,0
16,frailty,C,0,0,0,0.25,delayed,0.613004775821511,1000,0.00130557007787556,0.0338742030797987,0.0336642286781316,0.993801347852449,0.948,0.00702111102319284,0.905,0.00927227048785787,1760.383,151.373,652.96,0
16,frailty,C,0,0,0,0.25,naive,0.613004775821511,1000,0.00130557007787556,0.0338742030797987,0.0334904940370264,0.98867252930295,0.949,0.00695693898205238,0.906,0.00922843432007835,1760.383,151.373,652.96,0
16,frailty,C,0,0,0,0.25,strict,0.613004775821511,1000,0.00130557007787556,0.0338742030797987,0.0337182731238881,0.995396793378628,0.948,0.00702111102319284,0.9,0.00948683298050514,1760.383,151.373,652.96,0
17,frailty,C,0,0,0,4,delayed,0.613004775821511,1000,0.000150407590269565,0.0340574709078064,0.0334464567050652,0.982059319542687,0.944,0.00727076337120113,0.911,0.00900438781928011,1761.957,149.86,650.381,0
17,frailty,C,0,0,0,4,naive,0.613004775821511,1000,-0.000795562146368715,0.0342892874381134,0.0336416985079941,0.98111395778381,0.948,0.00702111102319284,0.894,0.00973468027209934,1761.998,149.86,650.381,0
17,frailty,C,0,0,0,4,strict,0.613004775821511,1000,-0.000837561687393681,0.0348739432458844,0.0337082302702446,0.966573525470844,0.94,0.00750999334220744,0.892,0.00981509042240569,1679.398,143.845,644.994,0
18,frailty,C,0,0,0,10,delayed,0.613004775821511,1000,0.0175906134418198,0.034306087607314,0.033595908083201,0.979298731693275,0.906,0.00922843432007835,0.961,0.00612200947402077,1673.903,132.739,624.065,0
18,frailty,C,0,0,0,10,naive,0.613004775821511,1000,-0.000840624787409559,0.0357516092161341,0.0356318754902225,0.996650955620271,0.94,0.00750999334220744,0.869,0.0106695360723885,1721.668,132.739,624.065,0
18,frailty,C,0,0,0,10,strict,0.613004775821511,1000,-0.000809877409484881,0.038047881113245,0.037501569353741,0.985641466922219,0.938,0.00762600813007697,0.83,0.0118785521003193,1341.174,114.786,558.997,0
19,frailty,C,0,0.5,-2,0.25,delayed,0.664382063509051,1000,0.000860277629411943,0.0331331518825741,0.033012464189764,0.996357494353758,0.946,0.00714730718522718,0.997,0.00172945077987204,1767.696,143.036,655.604,0
19,frailty,C,0,0.5,-2,0.25,naive,0.664382063509051,1000,0.000870511972995308,0.0331341718580751,0.0329804917074875,0.995361883458388,0.943,0.00733150734842434,0.997,0.00172945077987204,1767.696,143.036,655.604,0
19,frailty,C,0,0.5,-2,0.25,strict,0.664382063509051,1000,0.00021937422869995,0.0331740265844713,0.0329218327181345,0.992397851804495,0.938,0.00762600813007697,0.997,0.00172945077987204,1760.598,142.863,655.097,0
20,frailty,C,0,0.5,-2,4,delayed,0.663593930137789,1000,0.00546140641658168,0.0342726154102371,0.0327438498505723,0.955393962749392,0.915,0.00881901355027874,0.998,0.00141279864099595,1760.737,141.834,649.313,0
20,frailty,C,0,0.5,-2,4,naive,0.663593930137789,1000,0.00478136376513999,0.034400573311927,0.0328196077926463,0.954042465951213,0.917,0.00872416185085994,0.997,0.00172945077987204,1761.11,141.834,649.313,0
20,frailty,C,0,0.5,-2,4,strict,0.663593930137789,1000,0.00117401671837201,0.0346822608372491,0.0331965612147839,0.957162549770415,0.922,0.00848033018225116,0.995,0.00223047080231955,1633.108,135.533,641.311,0
21,frailty,C,0,0.5,-2,10,delayed,0.664289972488506,1000,0.0181591318650809,0.0334326421665045,0.0330577633082102,0.988787040628518,0.888,0.00997276290703835,1,0,1668.377,125.724,623.981,0
21,frailty,C,0,0.5,-2,10,naive,0.664289972488506,1000,0.00712205367849812,0.0349038597053671,0.0346668045484155,0.993208339737994,0.934,0.00785136930732468,0.998,0.00141279864099595,1724.193,125.724,623.981,0
21,frailty,C,0,0.5,-2,10,strict,0.664289972488506,1000,3.11666910163196e-05,0.037627723397361,0.036729346699212,0.976124606618853,0.943,0.00733150734842434,0.987,0.00358203852575597,1310.404,108.865,551.068,0
22,frailty,C,0,0.5,0,0.25,delayed,0.664956210136296,1000,0.0019847023135135,0.0334020804792928,0.0325297039340952,0.97388256861011,0.924,0.00837997613361756,0.998,0.00141279864099595,1767.206,145.871,653.825,0
22,frailty,C,0,0.5,0,0.25,naive,0.664956210136296,1000,0.0019847023135135,0.0334020804792928,0.0326071766976556,0.976201967954362,0.933,0.00790638982089803,0.998,0.00141279864099595,1767.206,145.871,653.825,0
22,frailty,C,0,0.5,0,0.25,strict,0.664956210136296,1000,0.0019847023135135,0.0334020804792928,0.0326179007182315,0.976523026416053,0.926,0.00827792244467173,0.998,0.00141279864099595,1767.206,145.871,653.825,0
23,frailty,C,0,0.5,0,4,delayed,0.664956210136296,1000,0.0021285089489165,0.0317987796405146,0.0327075427996102,1.02857855456622,0.946,0.00714730718522718,0.998,0.00141279864099595,1766.879,143.94,651.604,0
23,frailty,C,0,0.5,0,4,naive,0.664956210136296,1000,0.00145736473378088,0.0319228475257947,0.0327123010318229,1.02473004657214,0.948,0.00702111102319284,0.995,0.00223047080231955,1766.953,143.94,651.604,0
23,frailty,C,0,0.5,0,4,strict,0.664956210136296,1000,0.00146674065030401,0.032036117158613,0.0329567722075607,1.02873803477461,0.955,0.00655553201502365,0.997,0.00172945077987204,1684.542,138.269,646.29,0
24,frailty,C,0,0.5,0,10,delayed,0.664956210136313,1000,0.0138212877983197,0.0336255529365251,0.0330869182861497,0.983981389052777,0.905,0.00927227048785787,0.997,0.00172945077987204,1681.132,127.948,625.689,0
24,frailty,C,0,0.5,0,10,naive,0.664956210136313,1000,3.00351362435396e-05,0.035467890369867,0.0344584487190232,0.971539281295923,0.945,0.00720936890441875,0.992,0.00281709069786544,1728.69,127.948,625.689,0
24,frailty,C,0,0.5,0,10,strict,0.664956210136313,1000,-0.000399573191641798,0.0373058559856855,0.0363638288922915,0.974748546347377,0.944,0.00727076337120113,0.99,0.00314642654451046,1348.194,110.615,560.755,0
