cell_id,method,successful_replicates,bias,empirical_se,mean_estimated_se,se_ratio,coverage,coverage_mcse,power,power_mcse,mean_rows,mean_events,mean_subjects,mean_observed_entry_sd,mean_observed_censoring,landmark_interval,censoring_target,entry_sd,n,study_end,censor_rate,failed_replicates
1,delayed,1000,-0.00672914809118383,0.143879424235285,0.144472708563922,1.00412348278282,0.948,0.00702111102319284,0.783,0.0130349913693872,1398.864,130.893,475.557,0.250229574881802,0,2,0,0.25,500,64,0,0
1,naive,1000,-0.00672914809118383,0.143879424235285,0.144472708563922,1.00412348278282,0.948,0.00702111102319284,0.783,0.0130349913693872,1398.864,130.893,475.557,0.250229574881802,0,2,0,0.25,500,64,0,0
1,strict,1000,-0.00672914809118383,0.143879424235285,0.144472708563922,1.00412348278282,0.948,0.00702111102319284,0.783,0.0130349913693872,1398.864,130.893,475.557,0.250229574881802,0,2,0,0.25,500,64,0,0
2,delayed,1000,0.000817798734529744,0.130014632856785,0.128563194478768,0.98883634598564,0.939,0.00756828910652864,0.879,0.0103130499853341,1372.58,128.26,475.859,0.249818906426364,0,4,0,0.25,500,68,0,0
2,naive,1000,0.000817798734529744,0.130014632856785,0.128563194478768,0.98883634598564,0.939,0.00756828910652864,0.879,0.0103130499853341,1372.58,128.26,475.859,0.249818906426364,0,4,0,0.25,500,68,0,0
2,strict,1000,0.000817798734529744,0.130014632856785,0.128563194478768,0.98883634598564,0.939,0.00756828910652864,0.879,0.0103130499853341,1372.58,128.26,475.859,0.249818906426364,0,4,0,0.25,500,68,0,0
3,delayed,1000,0.00389808566847504,0.119711713042871,0.116899685729643,0.976510006901151,0.943,0.00733150734842434,0.933,0.00790638982089803,1346.455,125.795,475.513,0.250202465026592,0,6,0,0.25,500,72,0,0
3,naive,1000,0.00389808566847504,0.119711713042871,0.116899685729643,0.976510006901151,0.943,0.00733150734842434,0.933,0.00790638982089803,1346.455,125.795,475.513,0.250202465026592,0,6,0,0.25,500,72,0,0
3,strict,1000,0.00389808566847504,0.119711713042871,0.116899685729643,0.976510006901151,0.943,0.00733150734842434,0.933,0.00790638982089803,1346.455,125.795,475.513,0.250202465026592,0,6,0,0.25,500,72,0,0
4,delayed,1000,0.0109118468709722,0.146732479508262,0.151309806270172,1.03119504813964,0.952,0.00675988165576884,0.8,0.0126491106406735,1310.732,117.183,453.925,0.249999805806113,0.148224,2,0.15,0.25,500,64,0.00935455505368637,0
4,naive,1000,0.0109118468709722,0.146732479508262,0.151309806270172,1.03119504813964,0.952,0.00675988165576884,0.8,0.0126491106406735,1310.732,117.183,453.925,0.249999805806113,0.148224,2,0.15,0.25,500,64,0.00935455505368637,0
4,strict,1000,0.0109118468709722,0.146732479508262,0.151309806270172,1.03119504813964,0.952,0.00675988165576884,0.8,0.0126491106406735,1310.732,117.183,453.925,0.249999805806113,0.148224,2,0.15,0.25,500,64,0.00935455505368637,0
5,delayed,1000,-0.00175164520394856,0.142485254079521,0.135463616022232,0.950720247490526,0.93,0.00806845710157772,0.843,0.0115043904662524,1279.243,115.283,457.169,0.249753020371062,0.150302,4,0.15,0.25,500,68,0.00794420961865639,0
5,naive,1000,-0.00175164520394856,0.142485254079521,0.135463616022232,0.950720247490526,0.93,0.00806845710157772,0.843,0.0115043904662524,1279.243,115.283,457.169,0.249753020371062,0.150302,4,0.15,0.25,500,68,0.00794420961865639,0
5,strict,1000,-0.00175164520394856,0.142485254079521,0.135463616022232,0.950720247490526,0.93,0.00806845710157772,0.843,0.0115043904662524,1279.243,115.283,457.169,0.249753020371062,0.150302,4,0.15,0.25,500,68,0.00794420961865639,0
6,delayed,1000,-0.000404190603236321,0.123150989470165,0.123345109570251,1.0015762772262,0.949,0.00695693898205238,0.914,0.00886588969026798,1251.622,112.958,459.646,0.249887727259067,0.148772,6,0.15,0.25,500,72,0.00685367368634159,0
6,naive,1000,-0.000404190603236321,0.123150989470165,0.123345109570251,1.0015762772262,0.949,0.00695693898205238,0.914,0.00886588969026798,1251.622,112.958,459.646,0.249887727259067,0.148772,6,0.15,0.25,500,72,0.00685367368634159,0
6,strict,1000,-0.000404190603236321,0.123150989470165,0.123345109570251,1.0015762772262,0.949,0.00695693898205238,0.914,0.00886588969026798,1251.622,112.958,459.646,0.249887727259067,0.148772,6,0.15,0.25,500,72,0.00685367368634159,0
7,delayed,1000,0.0085209891010552,0.169711973649444,0.162240841383011,0.955977577151596,0.928,0.00817410545564467,0.714,0.0142899965010493,1210.881,102.57,428.538,0.250198125255507,0.299286,2,0.3,0.25,500,64,0.0209386595416534,0
7,naive,1000,0.0085209891010552,0.169711973649444,0.162240841383011,0.955977577151596,0.928,0.00817410545564467,0.714,0.0142899965010493,1210.881,102.57,428.538,0.250198125255507,0.299286,2,0.3,0.25,500,64,0.0209386595416534,0
7,strict,1000,0.0085209891010552,0.169711973649444,0.162240841383011,0.955977577151596,0.928,0.00817410545564467,0.714,0.0142899965010493,1210.881,102.57,428.538,0.250198125255507,0.299286,2,0.3,0.25,500,64,0.0209386595416534,0
8,delayed,1000,-0.00299255928209188,0.147807767365011,0.144664249387405,0.97873238982196,0.947,0.00708456067798138,0.78,0.0130996183150503,1174.517,100.376,435.278,0.2501171302127,0.30163,4,0.3,0.25,500,68,0.017730565301616,0
8,naive,1000,-0.00299255928209188,0.147807767365011,0.144664249387405,0.97873238982196,0.947,0.00708456067798138,0.78,0.0130996183150503,1174.517,100.376,435.278,0.2501171302127,0.30163,4,0.3,0.25,500,68,0.017730565301616,0
8,strict,1000,-0.00299255928209188,0.147807767365011,0.144664249387405,0.97873238982196,0.947,0.00708456067798138,0.78,0.0130996183150503,1174.517,100.376,435.278,0.2501171302127,0.30163,4,0.3,0.25,500,68,0.017730565301616,0
9,delayed,1000,0.00241612960082687,0.132577122840922,0.129861444540335,0.97951623747451,0.944,0.00727076337120113,0.878,0.0103496859855746,1143.922,98.717,440.51,0.249847789106986,0.300774,6,0.3,0.25,500,72,0.0153983821527663,0
9,naive,1000,0.00241612960082687,0.132577122840922,0.129861444540335,0.97951623747451,0.944,0.00727076337120113,0.878,0.0103496859855746,1143.922,98.717,440.51,0.249847789106986,0.300774,6,0.3,0.25,500,72,0.0153983821527663,0
9,strict,1000,0.00241612960082687,0.132577122840922,0.129861444540335,0.97951623747451,0.944,0.00727076337120113,0.878,0.0103496859855746,1143.922,98.717,440.51,0.249847789106986,0.300774,6,0.3,0.25,500,72,0.0153983821527663,0
10,delayed,1000,0.00777053374782608,0.184299340086386,0.181715511139566,0.985980259367131,0.943,0.00733150734842434,0.615,0.0153874949228261,1053.168,80.858,387.491,0.250176595032439,0.49901,2,0.5,0.25,500,64,0.040899845313492,0
10,naive,1000,0.00777053374782608,0.184299340086386,0.181715511139566,0.985980259367131,0.943,0.00733150734842434,0.615,0.0153874949228261,1053.168,80.858,387.491,0.250176595032439,0.49901,2,0.5,0.25,500,64,0.040899845313492,0
10,strict,1000,0.00777053374782608,0.184299340086386,0.181715511139566,0.985980259367131,0.943,0.00733150734842434,0.615,0.0153874949228261,1053.168,80.858,387.491,0.250176595032439,0.49901,2,0.5,0.25,500,64,0.040899845313492,0
11,delayed,1000,0.00816972744710727,0.168915603422243,0.161386840819965,0.955428850563567,0.946,0.00714730718522718,0.721,0.0141830532678969,1014.821,80.471,400.282,0.24983282311765,0.498758,4,0.5,0.25,500,68,0.0347418598300612,0
11,naive,1000,0.00816972744710727,0.168915603422243,0.161386840819965,0.955428850563567,0.946,0.00714730718522718,0.721,0.0141830532678969,1014.821,80.471,400.282,0.24983282311765,0.498758,4,0.5,0.25,500,68,0.0347418598300612,0
11,strict,1000,0.00816972744710727,0.168915603422243,0.161386840819965,0.955428850563567,0.946,0.00714730718522718,0.721,0.0141830532678969,1014.821,80.471,400.282,0.24983282311765,0.498758,4,0.5,0.25,500,68,0.0347418598300612,0
12,delayed,1000,0.00575977019819775,0.145848013814214,0.145032214029247,0.994406507407044,0.956,0.00648567652600714,0.798,0.0126962986732354,985.303,79.241,409.468,0.250108636677555,0.496352,6,0.5,0.25,500,72,0.030013776471362,0
12,naive,1000,0.00575977019819775,0.145848013814214,0.145032214029247,0.994406507407044,0.956,0.00648567652600714,0.798,0.0126962986732354,985.303,79.241,409.468,0.250108636677555,0.496352,6,0.5,0.25,500,72,0.030013776471362,0
12,strict,1000,0.00575977019819775,0.145848013814214,0.145032214029247,0.994406507407044,0.956,0.00648567652600714,0.798,0.0126962986732354,985.303,79.241,409.468,0.250108636677555,0.496352,6,0.5,0.25,500,72,0.030013776471362,0
13,delayed,1000,0.00219368836670515,0.117239169864742,0.117959215216527,1.00614167903625,0.949,0.00695693898205238,0.924,0.00837997613361756,2099.144,196.171,713.719,0.249734240026407,0,2,0,0.25,750,64,0,0
13,naive,1000,0.00219368836670515,0.117239169864742,0.117959215216527,1.00614167903625,0.949,0.00695693898205238,0.924,0.00837997613361756,2099.144,196.171,713.719,0.249734240026407,0,2,0,0.25,750,64,0,0
13,strict,1000,0.00219368836670515,0.117239169864742,0.117959215216527,1.00614167903625,0.949,0.00695693898205238,0.924,0.00837997613361756,2099.144,196.171,713.719,0.249734240026407,0,2,0,0.25,750,64,0,0
14,delayed,1000,0.00323965467813573,0.107625124660543,0.105097944628629,0.976518679630935,0.943,0.00733150734842434,0.97,0.00539444158370447,2058.795,192.347,713.472,0.249968829606165,0,4,0,0.25,750,68,0,0
14,naive,1000,0.00323965467813573,0.107625124660543,0.105097944628629,0.976518679630935,0.943,0.00733150734842434,0.97,0.00539444158370447,2058.795,192.347,713.472,0.249968829606165,0,4,0,0.25,750,68,0,0
14,strict,1000,0.00323965467813573,0.107625124660543,0.105097944628629,0.976518679630935,0.943,0.00733150734842434,0.97,0.00539444158370447,2058.795,192.347,713.472,0.249968829606165,0,4,0,0.25,750,68,0,0
15,delayed,1000,-0.000397910739263148,0.0969377768584487,0.094987329164143,0.979879384925922,0.949,0.00695693898205238,0.985,0.00384382621875652,2019.698,187.972,713.436,0.250065489066968,0,6,0,0.25,750,72,0,0
15,naive,1000,-0.000397910739263148,0.0969377768584487,0.094987329164143,0.979879384925922,0.949,0.00695693898205238,0.985,0.00384382621875652,2019.698,187.972,713.436,0.250065489066968,0,6,0,0.25,750,72,0,0
15,strict,1000,-0.000397910739263148,0.0969377768584487,0.094987329164143,0.979879384925922,0.949,0.00695693898205238,0.985,0.00384382621875652,2019.698,187.972,713.436,0.250065489066968,0,6,0,0.25,750,72,0,0
16,delayed,1000,0.00203355914984566,0.129933718713318,0.124583408753486,0.958822775082455,0.937,0.00768316341099159,0.89,0.00989444288477123,1966.778,175.054,681.003,0.250123511581716,0.148781333333333,2,0.15,0.25,750,64,0.00935455505368637,0
16,naive,1000,0.00203355914984566,0.129933718713318,0.124583408753486,0.958822775082455,0.937,0.00768316341099159,0.89,0.00989444288477123,1966.778,175.054,681.003,0.250123511581716,0.148781333333333,2,0.15,0.25,750,64,0.00935455505368637,0
16,strict,1000,0.00203355914984566,0.129933718713318,0.124583408753486,0.958822775082455,0.937,0.00768316341099159,0.89,0.00989444288477123,1966.778,175.054,681.003,0.250123511581716,0.148781333333333,2,0.15,0.25,750,64,0.00935455505368637,0
17,delayed,1000,0.00407925369277762,0.112874425723901,0.111146175556035,0.984688735674335,0.946,0.00714730718522718,0.954,0.00662449998113065,1919.083,172.767,685.82,0.250115286856344,0.149784,4,0.15,0.25,750,68,0.00794420961865639,0
17,naive,1000,0.00407925369277762,0.112874425723901,0.111146175556035,0.984688735674335,0.946,0.00714730718522718,0.954,0.00662449998113065,1919.083,172.767,685.82,0.250115286856344,0.149784,4,0.15,0.25,750,68,0.00794420961865639,0
17,strict,1000,0.00407925369277762,0.112874425723901,0.111146175556035,0.984688735674335,0.946,0.00714730718522718,0.954,0.00662449998113065,1919.083,172.767,685.82,0.250115286856344,0.149784,4,0.15,0.25,750,68,0.00794420961865639,0
18,delayed,1000,0.00138009729608052,0.0997809859680237,0.0997741382251733,0.999931372267131,0.956,0.00648567652600714,0.984,0.00396787096564392,1876.778,169.721,689.407,0.249901406703948,0.148692,6,0.15,0.25,750,72,0.00685367368634159,0
18,naive,1000,0.00138009729608052,0.0997809859680237,0.0997741382251733,0.999931372267131,0.956,0.00648567652600714,0.984,0.00396787096564392,1876.778,169.721,689.407,0.249901406703948,0.148692,6,0.15,0.25,750,72,0.00685367368634159,0
18,strict,1000,0.00138009729608052,0.0997809859680237,0.0997741382251733,0.999931372267131,0.956,0.00648567652600714,0.984,0.00396787096564392,1876.778,169.721,689.407,0.249901406703948,0.148692,6,0.15,0.25,750,72,0.00685367368634159,0
19,delayed,1000,0.00234828344511636,0.133532299902435,0.132050131947646,0.988900303852538,0.949,0.00695693898205238,0.881,0.0102390917565964,1812.842,154.465,642.114,0.250130894846292,0.301252,2,0.3,0.25,750,64,0.0209386595416534,0
19,naive,1000,0.00234828344511636,0.133532299902435,0.132050131947646,0.988900303852538,0.949,0.00695693898205238,0.881,0.0102390917565964,1812.842,154.465,642.114,0.250130894846292,0.301252,2,0.3,0.25,750,64,0.0209386595416534,0
19,strict,1000,0.00234828344511636,0.133532299902435,0.132050131947646,0.988900303852538,0.949,0.00695693898205238,0.881,0.0102390917565964,1812.842,154.465,642.114,0.250130894846292,0.301252,2,0.3,0.25,750,64,0.0209386595416534,0
20,delayed,1000,-0.00090336795892232,0.122474402987629,0.118327925331697,0.966144128448205,0.93,0.00806845710157772,0.918,0.00867617427210865,1761.505,151.905,652.898,0.249506525520011,0.301698666666667,4,0.3,0.25,750,68,0.017730565301616,0
20,naive,1000,-0.00090336795892232,0.122474402987629,0.118327925331697,0.966144128448205,0.93,0.00806845710157772,0.918,0.00867617427210865,1761.505,151.905,652.898,0.249506525520011,0.301698666666667,4,0.3,0.25,750,68,0.017730565301616,0
20,strict,1000,-0.00090336795892232,0.122474402987629,0.118327925331697,0.966144128448205,0.93,0.00806845710157772,0.918,0.00867617427210865,1761.505,151.905,652.898,0.249506525520011,0.301698666666667,4,0.3,0.25,750,68,0.017730565301616,0
21,delayed,1000,0.00390681153847209,0.110800154055782,0.107293107198247,0.96834799655811,0.941,0.00745110730026082,0.964,0.00589101010014412,1715.856,147.993,660.227,0.249750160025625,0.301737333333333,6,0.3,0.25,750,72,0.0153983821527663,0
21,naive,1000,0.00390681153847209,0.110800154055782,0.107293107198247,0.96834799655811,0.941,0.00745110730026082,0.964,0.00589101010014412,1715.856,147.993,660.227,0.249750160025625,0.301737333333333,6,0.3,0.25,750,72,0.0153983821527663,0
21,strict,1000,0.00390681153847209,0.110800154055782,0.107293107198247,0.96834799655811,0.941,0.00745110730026082,0.964,0.00589101010014412,1715.856,147.993,660.227,0.249750160025625,0.301737333333333,6,0.3,0.25,750,72,0.0153983821527663,0
22,delayed,1000,0.00300712405720198,0.148022172478989,0.148662929544926,1.00432879112099,0.944,0.00727076337120113,0.781,0.0130781879478772,1578.456,121.82,580.7,0.249507594400303,0.498845333333333,2,0.5,0.25,750,64,0.040899845313492,0
22,naive,1000,0.00300712405720198,0.148022172478989,0.148662929544926,1.00432879112099,0.944,0.00727076337120113,0.781,0.0130781879478772,1578.456,121.82,580.7,0.249507594400303,0.498845333333333,2,0.5,0.25,750,64,0.040899845313492,0
22,strict,1000,0.00300712405720198,0.148022172478989,0.148662929544926,1.00432879112099,0.944,0.00727076337120113,0.781,0.0130781879478772,1578.456,121.82,580.7,0.249507594400303,0.498845333333333,2,0.5,0.25,750,64,0.040899845313492,0
23,delayed,1000,-0.00519500526346079,0.132912780327529,0.132567147627779,0.997399552556962,0.946,0.00714730718522718,0.861,0.0109397897603199,1521.093,119.608,599.788,0.250147861396112,0.499666666666667,4,0.5,0.25,750,68,0.0347418598300612,0
23,naive,1000,-0.00519500526346079,0.132912780327529,0.132567147627779,0.997399552556962,0.946,0.00714730718522718,0.861,0.0109397897603199,1521.093,119.608,599.788,0.250147861396112,0.499666666666667,4,0.5,0.25,750,68,0.0347418598300612,0
23,strict,1000,-0.00519500526346079,0.132912780327529,0.132567147627779,0.997399552556962,0.946,0.00714730718522718,0.861,0.0109397897603199,1521.093,119.608,599.788,0.250147861396112,0.499666666666667,4,0.5,0.25,750,68,0.0347418598300612,0
24,delayed,1000,0.00206473324404405,0.122664098077801,0.118902271392182,0.969332292459098,0.949,0.00695693898205238,0.916,0.00877177291087725,1476.805,119.444,614.252,0.249905592907463,0.497169333333333,6,0.5,0.25,750,72,0.030013776471362,0
24,naive,1000,0.00206473324404405,0.122664098077801,0.118902271392182,0.969332292459098,0.949,0.00695693898205238,0.916,0.00877177291087725,1476.805,119.444,614.252,0.249905592907463,0.497169333333333,6,0.5,0.25,750,72,0.030013776471362,0
24,strict,1000,0.00206473324404405,0.122664098077801,0.118902271392182,0.969332292459098,0.949,0.00695693898205238,0.916,0.00877177291087725,1476.805,119.444,614.252,0.249905592907463,0.497169333333333,6,0.5,0.25,750,72,0.030013776471362,0
25,delayed,1000,0.000121151892392446,0.0842016661044079,0.0828292975951174,0.983701409095768,0.945,0.00720936890441875,0.998,0.00141279864099595,4198.529,392.852,1427.258,0.249910254991253,0,2,0,0.25,1500,64,0,0
25,naive,1000,0.000121151892392446,0.0842016661044079,0.0828292975951174,0.983701409095768,0.945,0.00720936890441875,0.998,0.00141279864099595,4198.529,392.852,1427.258,0.249910254991253,0,2,0,0.25,1500,64,0,0
25,strict,1000,0.000121151892392446,0.0842016661044079,0.0828292975951174,0.983701409095768,0.945,0.00720936890441875,0.998,0.00141279864099595,4198.529,392.852,1427.258,0.249910254991253,0,2,0,0.25,1500,64,0,0
26,delayed,1000,-0.00232671446994532,0.0713065051327545,0.074318627342678,1.04224189930941,0.955,0.00655553201502365,1,0,4117.52,385.79,1427.111,0.249667012022426,0,4,0,0.25,1500,68,0,0
26,naive,1000,-0.00232671446994532,0.0713065051327545,0.074318627342678,1.04224189930941,0.955,0.00655553201502365,1,0,4117.52,385.79,1427.111,0.249667012022426,0,4,0,0.25,1500,68,0,0
26,strict,1000,-0.00232671446994532,0.0713065051327545,0.074318627342678,1.04224189930941,0.955,0.00655553201502365,1,0,4117.52,385.79,1427.111,0.249667012022426,0,4,0,0.25,1500,68,0,0
27,delayed,1000,-0.000413663081966053,0.0702919919327685,0.0673099747662926,0.957576715576248,0.94,0.00750999334220744,1,0,4039.198,375.761,1426.967,0.250034907386595,0,6,0,0.25,1500,72,0,0
27,naive,1000,-0.000413663081966053,0.0702919919327685,0.0673099747662926,0.957576715576248,0.94,0.00750999334220744,1,0,4039.198,375.761,1426.967,0.250034907386595,0,6,0,0.25,1500,72,0,0
27,strict,1000,-0.000413663081966053,0.0702919919327685,0.0673099747662926,0.957576715576248,0.94,0.00750999334220744,1,0,4039.198,375.761,1426.967,0.250034907386595,0,6,0,0.25,1500,72,0,0
28,delayed,1000,-3.62869335256596e-05,0.088611176574788,0.0877707236847913,0.99051527219834,0.947,0.00708456067798138,0.992,0.00281709069786544,3931.807,350.614,1361.7,0.249897494791787,0.149400666666667,2,0.15,0.25,1500,64,0.00935455505368637,0
28,naive,1000,-3.62869335256596e-05,0.088611176574788,0.0877707236847913,0.99051527219834,0.947,0.00708456067798138,0.992,0.00281709069786544,3931.807,350.614,1361.7,0.249897494791787,0.149400666666667,2,0.15,0.25,1500,64,0.00935455505368637,0
28,strict,1000,-3.62869335256596e-05,0.088611176574788,0.0877707236847913,0.99051527219834,0.947,0.00708456067798138,0.992,0.00281709069786544,3931.807,350.614,1361.7,0.249897494791787,0.149400666666667,2,0.15,0.25,1500,64,0.00935455505368637,0
29,delayed,1000,-0.00660196272196856,0.0785543664757167,0.0789022741031408,1.00442887700624,0.955,0.00655553201502365,0.997,0.00172945077987204,3838.536,344.434,1371.521,0.249983555741969,0.149716,4,0.15,0.25,1500,68,0.00794420961865639,0
29,naive,1000,-0.00660196272196856,0.0785543664757167,0.0789022741031408,1.00442887700624,0.955,0.00655553201502365,0.997,0.00172945077987204,3838.536,344.434,1371.521,0.249983555741969,0.149716,4,0.15,0.25,1500,68,0.00794420961865639,0
29,strict,1000,-0.00660196272196856,0.0785543664757167,0.0789022741031408,1.00442887700624,0.955,0.00655553201502365,0.997,0.00172945077987204,3838.536,344.434,1371.521,0.249983555741969,0.149716,4,0.15,0.25,1500,68,0.00794420961865639,0
30,delayed,1000,0.00133165320028741,0.0709469886387023,0.0708490191708111,0.998619117318846,0.95,0.00689202437604511,1,0,3751.31,338.152,1378.172,0.250108738028081,0.148949333333333,6,0.15,0.25,1500,72,0.00685367368634159,0
30,naive,1000,0.00133165320028741,0.0709469886387023,0.0708490191708111,0.998619117318846,0.95,0.00689202437604511,1,0,3751.31,338.152,1378.172,0.250108738028081,0.148949333333333,6,0.15,0.25,1500,72,0.00685367368634159,0
30,strict,1000,0.00133165320028741,0.0709469886387023,0.0708490191708111,0.998619117318846,0.95,0.00689202437604511,1,0,3751.31,338.152,1378.172,0.250108738028081,0.148949333333333,6,0.15,0.25,1500,72,0.00685367368634159,0
31,delayed,1000,0.0101336707841446,0.0943183532158395,0.0937966624588756,0.994468830941418,0.952,0.00675988165576884,0.994,0.00244213021765835,3629.342,307.715,1285.115,0.249883865953474,0.301073333333333,2,0.3,0.25,1500,64,0.0209386595416534,0
31,naive,1000,0.0101336707841446,0.0943183532158395,0.0937966624588756,0.994468830941418,0.952,0.00675988165576884,0.994,0.00244213021765835,3629.342,307.715,1285.115,0.249883865953474,0.301073333333333,2,0.3,0.25,1500,64,0.0209386595416534,0
31,strict,1000,0.0101336707841446,0.0943183532158395,0.0937966624588756,0.994468830941418,0.952,0.00675988165576884,0.994,0.00244213021765835,3629.342,307.715,1285.115,0.249883865953474,0.301073333333333,2,0.3,0.25,1500,64,0.0209386595416534,0
32,delayed,1000,0.000559341149490878,0.0878340651039316,0.084062719811147,0.957062840159771,0.939,0.00756828910652864,0.998,0.00141279864099595,3522.264,303.732,1305.939,0.249904376496042,0.301866666666667,4,0.3,0.25,1500,68,0.017730565301616,0
32,naive,1000,0.000559341149490878,0.0878340651039316,0.084062719811147,0.957062840159771,0.939,0.00756828910652864,0.998,0.00141279864099595,3522.264,303.732,1305.939,0.249904376496042,0.301866666666667,4,0.3,0.25,1500,68,0.017730565301616,0
32,strict,1000,0.000559341149490878,0.0878340651039316,0.084062719811147,0.957062840159771,0.939,0.00756828910652864,0.998,0.00141279864099595,3522.264,303.732,1305.939,0.249904376496042,0.301866666666667,4,0.3,0.25,1500,68,0.017730565301616,0
33,delayed,1000,0.00208505677710575,0.0744943856272745,0.0751842958514714,1.00926123785555,0.954,0.00662449998113065,1,0,3431.121,297.576,1321.398,0.250209495139172,0.301494666666667,6,0.3,0.25,1500,72,0.0153983821527663,0
33,naive,1000,0.00208505677710575,0.0744943856272745,0.0751842958514714,1.00926123785555,0.954,0.00662449998113065,1,0,3431.121,297.576,1321.398,0.250209495139172,0.301494666666667,6,0.3,0.25,1500,72,0.0153983821527663,0
33,strict,1000,0.00208505677710575,0.0744943856272745,0.0751842958514714,1.00926123785555,0.954,0.00662449998113065,1,0,3431.121,297.576,1321.398,0.250209495139172,0.301494666666667,6,0.3,0.25,1500,72,0.0153983821527663,0
34,delayed,1000,0.00218778878594578,0.102118893197387,0.104916432052402,1.02739491946518,0.953,0.00669260786241059,0.976,0.00483983470792134,3161.728,243.769,1162.631,0.249877987908229,0.497866666666667,2,0.5,0.25,1500,64,0.040899845313492,0
34,naive,1000,0.00218778878594578,0.102118893197387,0.104916432052402,1.02739491946518,0.953,0.00669260786241059,0.976,0.00483983470792134,3161.728,243.769,1162.631,0.249877987908229,0.497866666666667,2,0.5,0.25,1500,64,0.040899845313492,0
34,strict,1000,0.00218778878594578,0.102118893197387,0.104916432052402,1.02739491946518,0.953,0.00669260786241059,0.976,0.00483983470792134,3161.728,243.769,1162.631,0.249877987908229,0.497866666666667,2,0.5,0.25,1500,64,0.040899845313492,0
35,delayed,1000,0.00337788342245745,0.0939742147031743,0.0938263742864067,0.998426798061207,0.943,0.00733150734842434,0.99,0.00314642654451046,3043.641,239.915,1199.899,0.250019640259822,0.499522666666667,4,0.5,0.25,1500,68,0.0347418598300612,0
35,naive,1000,0.00337788342245745,0.0939742147031743,0.0938263742864067,0.998426798061207,0.943,0.00733150734842434,0.99,0.00314642654451046,3043.641,239.915,1199.899,0.250019640259822,0.499522666666667,4,0.5,0.25,1500,68,0.0347418598300612,0
35,strict,1000,0.00337788342245745,0.0939742147031743,0.0938263742864067,0.998426798061207,0.943,0.00733150734842434,0.99,0.00314642654451046,3043.641,239.915,1199.899,0.250019640259822,0.499522666666667,4,0.5,0.25,1500,68,0.0347418598300612,0
36,delayed,1000,0.0009312841978088,0.0850640205929143,0.0842276958304234,0.990168290228212,0.949,0.00695693898205238,0.997,0.00172945077987204,2956.579,238.497,1228.138,0.249963798896398,0.495834666666667,6,0.5,0.25,1500,72,0.030013776471362,0
36,naive,1000,0.0009312841978088,0.0850640205929143,0.0842276958304234,0.990168290228212,0.949,0.00695693898205238,0.997,0.00172945077987204,2956.579,238.497,1228.138,0.249963798896398,0.495834666666667,6,0.5,0.25,1500,72,0.030013776471362,0
36,strict,1000,0.0009312841978088,0.0850640205929143,0.0842276958304234,0.990168290228212,0.949,0.00695693898205238,0.997,0.00172945077987204,2956.579,238.497,1228.138,0.249963798896398,0.495834666666667,6,0.5,0.25,1500,72,0.030013776471362,0
37,delayed,1000,-0.00518811724793648,0.153433816782553,0.144736283684893,0.943314105846783,0.934,0.00785136930732468,0.771,0.0132875505643441,1395.737,130.279,474.152,4.0013353860363,0,2,0,4,500,64,0,0
37,naive,1000,-0.00517770201059025,0.153591508368809,0.144712473921697,0.942190590212897,0.934,0.00785136930732468,0.773,0.0132465467198059,1395.767,130.279,474.152,4.0013353860363,0,2,0,4,500,64,0,0
37,strict,1000,-0.00447435943189044,0.15541292371048,0.146326669542493,0.941534758171631,0.934,0.00785136930732468,0.762,0.0134668481835952,1322.453,124.464,468.081,4.0013353860363,0,2,0,4,500,64,0,0
38,delayed,1000,-0.00418760171947062,0.132323090809954,0.129614051914925,0.979527088745833,0.932,0.00796090447122687,0.866,0.0107723720693262,1369.839,127.744,474.287,4.00192811763954,0,4,0,4,500,68,0,0
38,naive,1000,-0.00418490446532212,0.132162594079829,0.129585447875704,0.980500184473014,0.932,0.00796090447122687,0.866,0.0107723720693262,1369.881,127.744,474.287,4.00192811763954,0,4,0,4,500,68,0,0
38,strict,1000,-0.00467129846099525,0.133945054996518,0.130657748311673,0.975457797341375,0.932,0.00796090447122687,0.855,0.0111344061359374,1314.729,123.507,472.789,4.00192811763954,0,4,0,4,500,68,0,0
39,delayed,1000,0.00179106501058499,0.117286697094069,0.116966452120853,0.997269554168115,0.949,0.00695693898205238,0.946,0.00714730718522718,1344.346,124.14,474.281,4.00765023729085,0,6,0,4,500,72,0,0
39,naive,1000,0.00181888127276348,0.117342360637758,0.116959095813548,0.996733789723274,0.945,0.00720936890441875,0.947,0.00708456067798138,1344.39,124.14,474.281,4.00765023729085,0,6,0,4,500,72,0,0
39,strict,1000,0.00103448974930211,0.119681630461437,0.118241868260437,0.987970065285294,0.947,0.00708456067798138,0.937,0.00768316341099159,1293.833,120.098,472.156,4.00765023729085,0,6,0,4,500,72,0,0
40,delayed,1000,0.00383440094023219,0.157431208686512,0.152376395972588,0.967891927171888,0.943,0.00733150734842434,0.764,0.0134277324965908,1306.664,116.301,451.577,4.00875784718338,0.151492,2,0.15,4,500,64,0.00955915600221909,0
40,naive,1000,0.00398572006088392,0.157466484674413,0.152401883478689,0.967836957774247,0.944,0.00727076337120113,0.762,0.0134668481835952,1306.712,116.301,451.577,4.00875784718338,0.151492,2,0.15,4,500,64,0.00955915600221909,0
40,strict,1000,0.00328095475269183,0.159871023358649,0.15419363276202,0.964487682149301,0.942,0.00739161687318817,0.746,0.0137653187394989,1232.941,110.867,445.061,4.00875784718338,0.151492,2,0.15,4,500,64,0.00955915600221909,0
41,delayed,1000,-0.000659985779268961,0.144173713045724,0.137744014723275,0.955403116236525,0.936,0.00773976743836661,0.836,0.0117091417277271,1276.921,113.645,455.268,3.99382044593303,0.150158,4,0.15,4,500,68,0.0079620714643161,0
41,naive,1000,-0.000739856670775063,0.144205016609888,0.13772184090094,0.955041954424604,0.936,0.00773976743836661,0.836,0.0117091417277271,1276.955,113.645,455.268,3.99382044593303,0.150158,4,0.15,4,500,68,0.0079620714643161,0
41,strict,1000,-0.00046814281094709,0.145740110322498,0.139218069961612,0.955248830631087,0.939,0.00756828910652864,0.824,0.0120425910833176,1222.205,109.605,452.814,3.99382044593303,0.150158,4,0.15,4,500,68,0.0079620714643161,0
42,delayed,1000,0.00451985137550802,0.126858943391276,0.124236432075789,0.979327343856255,0.945,0.00720936890441875,0.899,0.00952885092757778,1248.697,111.57,457.668,4.00437928119753,0.150852,6,0.15,4,500,72,0.00698707460980971,0
42,naive,1000,0.00450862441978229,0.126795945708003,0.12423808784761,0.979826974386988,0.945,0.00720936890441875,0.899,0.00952885092757778,1248.736,111.57,457.668,4.00437928119753,0.150852,6,0.15,4,500,72,0.00698707460980971,0
42,strict,1000,0.00479258750014373,0.126132687610504,0.125921381762966,0.99832473364723,0.947,0.00708456067798138,0.893,0.00977501918156686,1197.878,107.707,454.292,4.00437928119753,0.150852,6,0.15,4,500,72,0.00698707460980971,0
43,delayed,1000,-0.00671441259901755,0.170034038154855,0.163771401521664,0.963168335580623,0.934,0.00785136930732468,0.684,0.0147018366199601,1208.091,101.877,426.368,4.003578281644,0.300432,2,0.3,4,500,64,0.0210163600188013,0
43,naive,1000,-0.006642983452112,0.170016887881418,0.163757176953554,0.963181828547353,0.933,0.00790638982089803,0.685,0.0146892818068141,1208.122,101.877,426.368,4.003578281644,0.300432,2,0.3,4,500,64,0.0210163600188013,0
43,strict,1000,-0.00610606879897801,0.171566955743058,0.166104379876229,0.968160676144362,0.937,0.00768316341099159,0.68,0.0147512711316686,1134.853,96.659,419.355,4.003578281644,0.300432,2,0.3,4,500,64,0.0210163600188013,0
44,delayed,1000,-0.00399356276228536,0.147384376623432,0.144779683518887,0.982327210222558,0.943,0.00733150734842434,0.794,0.0127892142057282,1174.665,100.328,433.778,3.99329378597665,0.298582,4,0.3,4,500,68,0.0176194142527554,0
44,naive,1000,-0.00389204361604435,0.147491923759012,0.144798671669309,0.98173966396897,0.942,0.00739161687318817,0.794,0.0127892142057282,1174.701,100.328,433.778,3.99329378597665,0.298582,4,0.3,4,500,68,0.0176194142527554,0
44,strict,1000,-0.00439432747050585,0.150717777924369,0.146382715081415,0.971237216321424,0.942,0.00739161687318817,0.784,0.0130132240432569,1119.798,96.452,430.204,3.99329378597665,0.298582,4,0.3,4,500,68,0.0176194142527554,0
45,delayed,1000,0.00055062691903784,0.132614242537064,0.131290920085188,0.990021264484421,0.95,0.00689202437604511,0.879,0.0103130499853341,1143.012,98.357,438.504,4.00006580753656,0.300216,6,0.3,4,500,72,0.0153225304453787,0
45,naive,1000,0.000582620641550825,0.132562826946805,0.131295648583161,0.990440922294506,0.951,0.00682634602111555,0.878,0.0103496859855746,1143.045,98.357,438.504,4.00006580753656,0.300216,6,0.3,4,500,72,0.0153225304453787,0
45,strict,1000,0.000696498179467992,0.133870616955802,0.133180045861041,0.994841503606509,0.948,0.00702111102319284,0.862,0.0109066951914867,1092.407,94.637,433.556,4.00006580753656,0.300216,6,0.3,4,500,72,0.0153225304453787,0
46,delayed,1000,-0.00822683283406597,0.188774545344558,0.183257743082225,0.970775708916352,0.94,0.00750999334220744,0.579,0.0156127832240123,1056.329,80.347,386.428,4.00444900532731,0.497994,2,0.5,4,500,64,0.0413844682497951,0
46,naive,1000,-0.00815415582350314,0.188851548323596,0.183258485975229,0.970383815234685,0.939,0.00756828910652864,0.579,0.0156127832240123,1056.369,80.347,386.428,4.00444900532731,0.497994,2,0.5,4,500,64,0.0413844682497951,0
46,strict,1000,-0.00711385002828531,0.193765745677055,0.185702476215458,0.958386507205274,0.929,0.00812151463706124,0.571,0.0156511660907422,982.831,75.487,378.493,4.00444900532731,0.497994,2,0.5,4,500,64,0.0413844682497951,0
47,delayed,1000,0.00290859564961423,0.169998903039371,0.162743888836466,0.957323170484081,0.933,0.00790638982089803,0.698,0.0145188153786733,1017.746,80.034,398.873,4.00836442108024,0.49802,4,0.5,4,500,68,0.0350036899739846,0
47,naive,1000,0.00313427511060055,0.169857219276357,0.162775491552215,0.958307761340304,0.934,0.00785136930732468,0.701,0.0144775343204566,1017.785,80.034,398.873,4.00836442108024,0.49802,4,0.5,4,500,68,0.0350036899739846,0
47,strict,1000,0.00351912527264081,0.171750600423492,0.165018236640489,0.960801512388297,0.938,0.00762600813007697,0.693,0.0145859864253331,962.309,76.399,393.435,4.00836442108024,0.49802,4,0.5,4,500,68,0.0350036899739846,0
48,delayed,1000,0.00630345778272549,0.148666766836047,0.145756136468072,0.98042178201679,0.943,0.00733150734842434,0.808,0.0124553602918583,981.649,78.449,406.774,3.99846832439756,0.500402,6,0.5,4,500,72,0.0305818734380316,0
48,naive,1000,0.00638275522994368,0.148820758072421,0.145770144835493,0.979501426572202,0.941,0.00745110730026082,0.81,0.0124056438768812,981.687,78.449,406.774,3.99846832439756,0.500402,6,0.5,4,500,72,0.0305818734380316,0
48,strict,1000,0.00664101836496012,0.151028197349983,0.148556788299458,0.98363610839638,0.936,0.00773976743836661,0.795,0.0127661662216971,931.145,74.865,398.88,3.99846832439756,0.500402,6,0.5,4,500,72,0.0305818734380316,0
49,delayed,1000,0.00712981255881027,0.12097640121101,0.11846738405222,0.979260276106131,0.959,0.00627048642451286,0.925,0.00832916562447884,2094.753,193.505,711.441,3.99939786089051,0,2,0,4,750,64,0,0
49,naive,1000,0.0072210956655831,0.120978784224037,0.118453883367039,0.97912939137888,0.958,0.00634318531969546,0.926,0.00827792244467173,2094.813,193.505,711.441,3.99939786089051,0,2,0,4,750,64,0,0
49,strict,1000,0.00670160767492423,0.122241825991919,0.11978947600048,0.979938535999933,0.957,0.00641490451994416,0.925,0.00832916562447884,1985.556,185.005,702.421,3.99939786089051,0,2,0,4,750,64,0,0
50,delayed,1000,-0.00824038520163425,0.109599916063003,0.105813435623737,0.965451794350922,0.938,0.00762600813007697,0.956,0.00648567652600714,2055.162,190.651,711.43,3.99923740967823,0,4,0,4,750,68,0,0
50,naive,1000,-0.00824599259194987,0.109498362271677,0.105811822483656,0.96633246642654,0.939,0.00756828910652864,0.96,0.00619677335393187,2055.233,190.651,711.43,3.99923740967823,0,4,0,4,750,68,0,0
50,strict,1000,-0.00813059893692455,0.110453119848733,0.106758371504995,0.966549171731887,0.941,0.00745110730026082,0.953,0.00669260786241059,1972.42,184.227,709.134,3.99923740967823,0,4,0,4,750,68,0,0
51,delayed,1000,0.00115171033152446,0.0976755460078359,0.0959729749393625,0.982569116446641,0.947,0.00708456067798138,0.986,0.00371537346709587,2016.167,185.46,711.188,3.99774120885915,0,6,0,4,750,72,0,0
51,naive,1000,0.00124589720116011,0.0977145992104309,0.0959905867645638,0.982356654381252,0.948,0.00702111102319284,0.986,0.00371537346709587,2016.228,185.46,711.188,3.99774120885915,0,6,0,4,750,72,0,0
51,strict,1000,0.000625561795294863,0.098397656224746,0.0970746112086617,0.986554100302325,0.943,0.00733150734842434,0.983,0.00408790900094413,1940.724,179.653,708.153,3.99774120885915,0,6,0,4,750,72,0,0
52,delayed,1000,0.00462551345581449,0.124960113254695,0.125442430354537,1.00385976842754,0.949,0.00695693898205238,0.918,0.00867617427210865,1959.782,173.999,677.456,4.00222055555219,0.151641333333333,2,0.15,4,750,64,0.00955915600221909,0
52,naive,1000,0.00456673086576768,0.125074601928294,0.125426573039735,1.00281408939956,0.949,0.00695693898205238,0.919,0.00862780389206894,1959.862,173.999,677.456,4.00222055555219,0.151641333333333,2,0.15,4,750,64,0.00955915600221909,0
52,strict,1000,0.00558364686365788,0.12793188748708,0.127020113536609,0.992872973514414,0.943,0.00733150734842434,0.91,0.00904986187739901,1849.648,165.742,667.703,4.00222055555219,0.151641333333333,2,0.15,4,750,64,0.00955915600221909,0
53,delayed,1000,0.0107134002896809,0.116117668621324,0.112267125707213,0.966839302236868,0.939,0.00756828910652864,0.954,0.00662449998113065,1913.74,170.282,682.556,3.9909097919216,0.150545333333333,4,0.15,4,750,68,0.0079620714643161,0
53,naive,1000,0.0108209711592204,0.116150141250201,0.112277361187945,0.966657121372639,0.939,0.00756828910652864,0.955,0.00655553201502365,1913.796,170.282,682.556,3.9909097919216,0.150545333333333,4,0.15,4,750,68,0.0079620714643161,0
53,strict,1000,0.0107547935542005,0.11704550447366,0.113335744677789,0.968304978370991,0.94,0.00750999334220744,0.954,0.00662449998113065,1831.809,164.28,678.904,3.9909097919216,0.150545333333333,4,0.15,4,750,68,0.0079620714643161,0
54,delayed,1000,0.00635057042717735,0.104104259104293,0.101077618527158,0.97092683235849,0.943,0.00733150734842434,0.98,0.00442718872423573,1871.326,167.934,686.473,3.99558467758476,0.151236,6,0.15,4,750,72,0.00698707460980971,0
54,naive,1000,0.0064654988766729,0.104058586726726,0.101075353044514,0.971331210849074,0.943,0.00733150734842434,0.98,0.00442718872423573,1871.37,167.934,686.473,3.99558467758476,0.151236,6,0.15,4,750,72,0.00698707460980971,0
54,strict,1000,0.00593140158657013,0.105346013548272,0.102308336394746,0.971164764083507,0.943,0.00733150734842434,0.976,0.00483983470792134,1795.632,162.228,681.291,3.99558467758476,0.151236,6,0.15,4,750,72,0.00698707460980971,0
55,delayed,1000,-0.0053007700748631,0.139059329759295,0.133130102877047,0.957361890838166,0.932,0.00796090447122687,0.835,0.0117377595817941,1812.746,151.847,639.645,3.99467800388721,0.300844,2,0.3,4,750,64,0.0210163600188013,0
55,naive,1000,-0.00515363871722434,0.139069026804292,0.133132883561589,0.957315130628934,0.93,0.00806845710157772,0.838,0.0116514376795312,1812.823,151.847,639.645,3.99467800388721,0.300844,2,0.3,4,750,64,0.0210163600188013,0
55,strict,1000,-0.00502268341448124,0.140599351824999,0.134804711903732,0.958786154800486,0.936,0.00773976743836661,0.824,0.0120425910833176,1703.423,144.084,629.18,3.99467800388721,0.300844,2,0.3,4,750,64,0.0210163600188013,0
56,delayed,1000,0.00219928555785509,0.124538835619624,0.119112860777558,0.956431463205267,0.929,0.00812151463706124,0.915,0.00881901355027874,1759.653,149.872,650.259,4.0026804134658,0.300293333333333,4,0.3,4,750,68,0.0176194142527554,0
56,naive,1000,0.00227793534261239,0.124496742037038,0.119115675349306,0.956777449757432,0.929,0.00812151463706124,0.915,0.00881901355027874,1759.711,149.872,650.259,4.0026804134658,0.300293333333333,4,0.3,4,750,68,0.0176194142527554,0
56,strict,1000,0.0018228265041537,0.126429253747377,0.120574213771711,0.95368919927848,0.933,0.00790638982089803,0.907,0.00918428004799505,1676.867,143.811,644.823,4.0026804134658,0.300293333333333,4,0.3,4,750,68,0.0176194142527554,0
57,delayed,1000,0.00239309511493983,0.106013414545266,0.106959852338539,1.00892752862769,0.952,0.00675988165576884,0.96,0.00619677335393187,1715.833,147.33,658.027,3.99891221128789,0.299881333333333,6,0.3,4,750,72,0.0153225304453787,0
57,naive,1000,0.00243528467820156,0.106035365076345,0.106966453623581,1.00878092461478,0.952,0.00675988165576884,0.96,0.00619677335393187,1715.89,147.33,658.027,3.99891221128789,0.299881333333333,6,0.3,4,750,72,0.0153225304453787,0
57,strict,1000,0.00290191520360355,0.108481926000172,0.108492607917592,1.00009846725454,0.951,0.00682634602111555,0.958,0.00634318531969546,1639.964,141.822,650.403,3.99891221128789,0.299881333333333,6,0.3,4,750,72,0.0153225304453787,0
58,delayed,1000,0.0042740537084517,0.154657733599512,0.149982116668694,0.969767972011508,0.941,0.00745110730026082,0.774,0.0132258837133857,1584.744,120.324,579.482,3.99991358921756,0.497806666666667,2,0.5,4,750,64,0.0413844682497951,0
58,naive,1000,0.00431166530150531,0.154710519698057,0.149997572853038,0.969536998167827,0.944,0.00727076337120113,0.775,0.0132051126462443,1584.799,120.324,579.482,3.99991358921756,0.497806666666667,2,0.5,4,750,64,0.0413844682497951,0
58,strict,1000,0.00343264740674821,0.154328607906644,0.152575589023985,0.988640998539176,0.946,0.00714730718522718,0.757,0.0135628536820243,1474.872,112.875,567.493,3.99991358921756,0.497806666666667,2,0.5,4,750,64,0.0413844682497951,0
59,delayed,1000,-0.0018969058477819,0.136570784887017,0.132295233770475,0.968693515819803,0.941,0.00745110730026082,0.848,0.0113532374237483,1523.631,119.803,597.451,3.99320966726495,0.498793333333333,4,0.5,4,750,68,0.0350036899739846,0
59,naive,1000,-0.00175811085155316,0.136533773397294,0.132309501738546,0.969060610033416,0.941,0.00745110730026082,0.85,0.0112915897906362,1523.675,119.803,597.451,3.99320966726495,0.498793333333333,4,0.5,4,750,68,0.0350036899739846,0
59,strict,1000,-0.000696662776133121,0.138147511396431,0.134244511196587,0.971747589512176,0.939,0.00756828910652864,0.846,0.0114142016803629,1441.368,114.245,588.88,3.99320966726495,0.498793333333333,4,0.5,4,750,68,0.0350036899739846,0
60,delayed,1000,0.000696458959155162,0.124991943331192,0.119846318672699,0.958832349339033,0.939,0.00756828910652864,0.92,0.00857904423581089,1473.602,118.38,610.762,3.99920471056255,0.500022666666667,6,0.5,4,750,72,0.0305818734380316,0
60,naive,1000,0.000751204597960808,0.124983148022239,0.119847518792861,0.958909426505531,0.941,0.00745110730026082,0.921,0.00852988862764339,1473.669,118.38,610.762,3.99920471056255,0.500022666666667,6,0.5,4,750,72,0.0305818734380316,0
60,strict,1000,0.000684345663834246,0.127093533243153,0.12198006516497,0.959766103375221,0.941,0.00745110730026082,0.91,0.00904986187739901,1397.698,112.99,599.018,3.99920471056255,0.500022666666667,6,0.5,4,750,72,0.0305818734380316,0
61,delayed,1000,-0.0024899986740171,0.0843001163246025,0.083588274840188,0.991555865929371,0.947,0.00708456067798138,0.999,0.000999499874937461,4188.457,389.32,1422.685,3.99995043263839,0,2,0,4,1500,64,0,0
61,naive,1000,-0.00249542541598113,0.0842159175387979,0.0835809728812844,0.992460514875695,0.948,0.00702111102319284,0.999,0.000999499874937461,4188.612,389.32,1422.685,3.99995043263839,0,2,0,4,1500,64,0,0
61,strict,1000,-0.00269698546898159,0.0856270060263498,0.0846150811819341,0.988182176495762,0.944,0.00727076337120113,0.999,0.000999499874937461,3969.269,371.906,1404.505,3.99995043263839,0,2,0,4,1500,64,0,0
62,delayed,1000,-0.00447038270819745,0.0763698785850154,0.0750918184137065,0.983264865743028,0.94,0.00750999334220744,0.999,0.000999499874937461,4111.007,380.989,1422.755,3.99632141958041,0,4,0,4,1500,68,0,0
62,naive,1000,-0.00442610605468165,0.0763396246286833,0.0750898633141229,0.983628930314508,0.94,0.00750999334220744,0.999,0.000999499874937461,4111.13,380.989,1422.755,3.99632141958041,0,4,0,4,1500,68,0,0
62,strict,1000,-0.00478155480318139,0.0763538122243886,0.0757845832024965,0.992544851326883,0.945,0.00720936890441875,0.998,0.00141279864099595,3946.835,368.415,1418.42,3.99632141958041,0,4,0,4,1500,68,0,0
63,delayed,1000,-0.00111357531171765,0.0688411425686856,0.06745882038198,0.979920115571493,0.949,0.00695693898205238,1,0,4032.174,373.048,1422.766,4.00342688858424,0,6,0,4,1500,72,0,0
63,naive,1000,-0.00106561765750344,0.0687712460416474,0.067454784346213,0.980857381955284,0.95,0.00689202437604511,1,0,4032.298,373.048,1422.766,4.00342688858424,0,6,0,4,1500,72,0,0
63,strict,1000,-0.00120220208619786,0.0698173121894909,0.0682549364641737,0.977621943951712,0.944,0.00727076337120113,1,0,3879.603,361.128,1416.558,4.00342688858424,0,6,0,4,1500,72,0,0
64,delayed,1000,0.00641211962182151,0.0863900674363784,0.0885892676484872,1.02545663265894,0.941,0.00745110730026082,0.994,0.00244213021765835,3917.491,346.264,1354.224,4.00033205164518,0.15142,2,0.15,4,1500,64,0.00955915600221909,0
64,naive,1000,0.00654921376739736,0.0865054718940066,0.0886010272409322,1.02422454095728,0.941,0.00745110730026082,0.994,0.00244213021765835,3917.588,346.264,1354.224,4.00033205164518,0.15142,2,0.15,4,1500,64,0.00955915600221909,0
64,strict,1000,0.0064700194899793,0.0874342617399609,0.0896439060435708,1.0252720645161,0.945,0.00720936890441875,0.995,0.00223047080231955,3698.416,329.819,1334.901,4.00033205164518,0.15142,2,0.15,4,1500,64,0.00955915600221909,0
65,delayed,1000,0.00047166547839185,0.0795794274971069,0.0790695325453867,0.993592628550403,0.951,0.00682634602111555,1,0,3829.731,341.672,1365.884,4.00191970891294,0.150633333333333,4,0.15,4,1500,68,0.0079620714643161,0
65,naive,1000,0.000592973495137514,0.0796441030454302,0.0790858128830524,0.992990188337494,0.951,0.00682634602111555,1,0,3829.868,341.672,1365.884,4.00191970891294,0.150633333333333,4,0.15,4,1500,68,0.0079620714643161,0
65,strict,1000,0.000324803982685866,0.0803475857676358,0.0798423583874881,0.993711978084707,0.949,0.00695693898205238,1,0,3664.662,329.442,1358.611,4.00191970891294,0.150633333333333,4,0.15,4,1500,68,0.0079620714643161,0
66,delayed,1000,-0.00365853191589783,0.072925500136603,0.0714958256576572,0.980395410710003,0.937,0.00768316341099159,1,0,3742.153,334.141,1372.382,4.00436885429405,0.151600666666667,6,0.15,4,1500,72,0.00698707460980971,0
66,naive,1000,-0.00357032156897836,0.0729428834251377,0.0714984001299419,0.980197063409506,0.937,0.00768316341099159,1,0,3742.269,334.141,1372.382,4.00436885429405,0.151600666666667,6,0.15,4,1500,72,0.00698707460980971,0
66,strict,1000,-0.00306968576081413,0.0735986924935956,0.0724163718580057,0.98393557554446,0.939,0.00756828910652864,1,0,3589.775,322.737,1361.95,4.00436885429405,0.151600666666667,6,0.15,4,1500,72,0.00698707460980971,0
67,delayed,1000,0.000235280207796488,0.0950330699984745,0.0943168618394909,0.992463590211333,0.947,0.00708456067798138,0.985,0.00384382621875652,3625.044,304.312,1279.13,3.99740835667802,0.300804,2,0.3,4,1500,64,0.0210163600188013,0
67,naive,1000,0.000200361082966069,0.0949400975549553,0.0942984205948517,0.993241243935607,0.944,0.00727076337120113,0.986,0.00371537346709587,3625.183,304.312,1279.13,3.99740835667802,0.300804,2,0.3,4,1500,64,0.0210163600188013,0
67,strict,1000,0.000831777044036313,0.0970145826366002,0.0956293015864489,0.985720898729831,0.947,0.00708456067798138,0.988,0.00344325427466518,3405.713,288.597,1258.172,3.99740835667802,0.300804,2,0.3,4,1500,64,0.0210163600188013,0
68,delayed,1000,0.000643581823173083,0.0830571667687925,0.0843618957426581,1.01570880665238,0.951,0.00682634602111555,0.999,0.000999499874937461,3521.744,300.742,1300.525,4.0006116587387,0.299323333333333,4,0.3,4,1500,68,0.0176194142527554,0
68,naive,1000,0.000790768421366836,0.083088087806175,0.084372063407756,1.01545318511332,0.951,0.00682634602111555,0.999,0.000999499874937461,3521.853,300.742,1300.525,4.0006116587387,0.299323333333333,4,0.3,4,1500,68,0.0176194142527554,0
68,strict,1000,0.000897531768630606,0.0838624254612545,0.0853503845390304,1.01774285765755,0.951,0.00682634602111555,0.999,0.000999499874937461,3355.997,288.832,1289.717,4.0006116587387,0.299323333333333,4,0.3,4,1500,68,0.0176194142527554,0
69,delayed,1000,0.00134210998536791,0.075072843544276,0.0761946771124167,1.01494326730117,0.953,0.00669260786241059,1,0,3430.158,294.681,1315.102,3.99788782075512,0.299112666666667,6,0.3,4,1500,72,0.0153225304453787,0
69,naive,1000,0.00137770348918305,0.0750895712323193,0.0761973398232958,1.01475262906415,0.954,0.00662449998113065,1,0,3430.275,294.681,1315.102,3.99788782075512,0.299112666666667,6,0.3,4,1500,72,0.0153225304453787,0
69,strict,1000,0.00138915035297532,0.0761848085688437,0.0772466869435866,1.01393819049612,0.956,0.00648567652600714,0.999,0.000999499874937461,3278.675,283.816,1300.273,3.99788782075512,0.299112666666667,6,0.3,4,1500,72,0.0153225304453787,0
70,delayed,1000,0.000902887406701577,0.105413291812357,0.106257229628781,1.00800599053416,0.953,0.00669260786241059,0.971,0.00530650544143696,3170.903,241.424,1159.367,4.00092232593073,0.497812,2,0.5,4,1500,64,0.0413844682497951,0
70,naive,1000,0.00103711130160799,0.10550346312765,0.106264602211134,1.00721435165179,0.952,0.00675988165576884,0.972,0.0052168956286282,3171.018,241.424,1159.367,4.00092232593073,0.497812,2,0.5,4,1500,64,0.0413844682497951,0
70,strict,1000,0.00162174164137911,0.107402080389859,0.108037699628714,1.00591812781045,0.953,0.00669260786241059,0.963,0.00596917079668525,2950.986,227.06,1135.433,4.00092232593073,0.497812,2,0.5,4,1500,64,0.0413844682497951,0
71,delayed,1000,-0.00204189356116356,0.0988526756480775,0.094421656727267,0.955175528717247,0.94,0.00750999334220744,0.981,0.00431729081716764,3045.495,237.819,1194.428,4.00078198687347,0.499367333333333,4,0.5,4,1500,68,0.0350036899739846,0
71,naive,1000,-0.00189737377190169,0.0988108459817623,0.0944283268854964,0.95564738817159,0.936,0.00773976743836661,0.981,0.00431729081716764,3045.613,237.819,1194.428,4.00078198687347,0.499367333333333,4,0.5,4,1500,68,0.0350036899739846,0
71,strict,1000,-0.00174264197104134,0.0996329426115639,0.0957482256675192,0.961009713833406,0.936,0.00773976743836661,0.98,0.00442718872423573,2881.014,226.757,1177.555,4.00078198687347,0.499367333333333,4,0.5,4,1500,68,0.0350036899739846,0
72,delayed,1000,-0.0015616852060985,0.0806894177601116,0.0850549513199876,1.0541029255268,0.963,0.00596917079668525,0.998,0.00141279864099595,2947.123,235.493,1220.623,3.99951647902602,0.500073333333333,6,0.5,4,1500,72,0.0305818734380316,0
72,naive,1000,-0.00150181550568451,0.0807695992242243,0.0850513458742286,1.05301185955025,0.962,0.00604615580348373,0.997,0.00172945077987204,2947.242,235.493,1220.623,3.99951647902602,0.500073333333333,6,0.5,4,1500,72,0.0305818734380316,0
72,strict,1000,-0.000474049309552319,0.0828029617984909,0.0864459836465382,1.04399627463705,0.958,0.00634318531969546,0.996,0.00199599599197994,2795.809,225.212,1197.596,3.99951647902602,0.500073333333333,6,0.5,4,1500,72,0.0305818734380316,0
73,delayed,1000,0.00393008516824897,0.150106493711358,0.153094765449385,1.0199076779701,0.953,0.00669260786241059,0.761,0.0134862522592453,1353.338,116.338,465.929,8.68348702386591,0,2,0,10,500,64,0,0
73,naive,1000,0.00531756492482128,0.149948335179293,0.153182339150328,1.02156745499821,0.953,0.00669260786241059,0.765,0.0134080199880519,1377.071,116.338,465.929,8.68348702386591,0,2,0,10,500,64,0,0
73,strict,1000,0.00547887285239441,0.1600191321384,0.161426506903272,1.00879504060586,0.944,0.00727076337120113,0.734,0.0139729739139526,1073.651,100.365,393.6,8.68348702386591,0,2,0,10,500,64,0,0
74,delayed,1000,0.00952789203650568,0.137123992260261,0.135993932482674,0.991758847164818,0.946,0.00714730718522718,0.853,0.0111978122863352,1323.965,116.44,466.422,9.01907325619384,0,4,0,10,500,68,0,0
74,naive,1000,0.0108359580180097,0.137355095046897,0.136100907706667,0.990869014798456,0.946,0.00714730718522718,0.85,0.0112915897906362,1355.686,116.44,466.422,9.01907325619384,0,4,0,10,500,68,0,0
74,strict,1000,0.00946098481663422,0.143423391675443,0.141060314817924,0.983523769519645,0.945,0.00720936890441875,0.835,0.0117377595817941,1100.852,103.728,426.514,9.01907325619384,0,4,0,10,500,68,0,0
75,delayed,1000,0.00646797427799747,0.122195083067589,0.121796521056849,0.99673831384427,0.948,0.00702111102319284,0.925,0.00832916562447884,1300.994,114.801,466.697,9.19556379876616,0,6,0,10,500,72,0,0
75,naive,1000,0.00797765122863508,0.122248280297726,0.121852086603973,0.996759106199383,0.948,0.00702111102319284,0.921,0.00852988862764339,1333.838,114.801,466.697,9.19556379876616,0,6,0,10,500,72,0,0
75,strict,1000,0.00667240994368633,0.126111737455933,0.125689850571042,0.996654658056408,0.948,0.00702111102319284,0.905,0.00927227048785787,1117.989,104.326,445.474,9.19556379876616,0,6,0,10,500,72,0,0
76,delayed,1000,-0.00387841970682225,0.165072078269249,0.163856744780459,0.99263755868629,0.953,0.00669260786241059,0.702,0.0144636095080032,1250.991,101.46,437.523,8.69654704360847,0.151702,2,0.15,10,500,64,0.00946065826051822,0
76,naive,1000,-0.00279938243392835,0.164479529911478,0.163656230402345,0.994994516888661,0.957,0.00641490451994416,0.697,0.0145324120503102,1274.977,101.46,437.523,8.69654704360847,0.151702,2,0.15,10,500,64,0.00946065826051822,0
76,strict,1000,-0.00536282366483954,0.175655514624904,0.17467700083449,0.994429359120871,0.94,0.00750999334220744,0.646,0.0151223014121528,970.783,86.011,364.483,8.69654704360847,0.151702,2,0.15,10,500,64,0.00946065826051822,0
77,delayed,1000,0.00430255755963355,0.148095301291956,0.143322049624666,0.967769053942637,0.939,0.00756828910652864,0.809,0.0124305671632472,1226.512,103.521,443.194,9.01747472752374,0.148522,4,0.15,10,500,68,0.00790928663755782,0
77,naive,1000,0.00553233238774279,0.148667515300829,0.143301472736872,0.963905749328633,0.939,0.00756828910652864,0.807,0.0124800240384384,1258.406,103.521,443.194,9.01747472752374,0.148522,4,0.15,10,500,68,0.00790928663755782,0
77,strict,1000,0.00506938601458203,0.151632413378091,0.148925305547362,0.982146905332308,0.939,0.00756828910652864,0.792,0.0128349522788361,1004.18,90.937,401.648,9.01747472752374,0.148522,4,0.15,10,500,68,0.00790928663755782,0
78,delayed,1000,-0.000186793854642656,0.130241065613402,0.129285001197843,0.992659270629768,0.949,0.00695693898205238,0.875,0.0104582503316759,1203.354,102.43,446.553,9.19488755704728,0.147204,6,0.15,10,500,72,0.00681480539501541,0
78,naive,1000,0.00206843233749398,0.13074301870291,0.129439187640173,0.99002752823308,0.946,0.00714730718522718,0.877,0.0103860964755773,1236.334,102.43,446.553,9.19488755704728,0.147204,6,0.15,10,500,72,0.00681480539501541,0
78,strict,1000,-0.000343811954989238,0.136566901945344,0.133850503688517,0.98010939533567,0.946,0.00714730718522718,0.847,0.0113838042850358,1020.65,92.43,422.705,9.19488755704728,0.147204,6,0.15,10,500,72,0.00681480539501541,0
79,delayed,1000,0.00296037849169628,0.178820526398647,0.174674334954131,0.976813671629213,0.942,0.00739161687318817,0.646,0.0151223014121528,1143.264,87.979,407.006,8.68334406747054,0.303548,2,0.3,10,500,64,0.0215374942769801,0
79,naive,1000,0.00454541545521115,0.178096946041341,0.174847299062686,0.981753494089109,0.944,0.00727076337120113,0.649,0.0150930116279025,1166.821,87.979,407.006,8.68334406747054,0.303548,2,0.3,10,500,64,0.0215374942769801,0
79,strict,1000,0.00387698383922251,0.189505734863703,0.186870212908178,0.986092653304553,0.949,0.00695693898205238,0.599,0.0154983547513922,864.039,73.118,333.729,8.68334406747054,0.303548,2,0.3,10,500,64,0.0215374942769801,0
80,delayed,1000,0.00477371110411083,0.161948347114101,0.15606355224607,0.963662519729915,0.94,0.00750999334220744,0.747,0.0137473997541353,1115.674,88.29,415.965,9.01787349134663,0.303146,4,0.3,10,500,68,0.0183510301023199,0
80,naive,1000,0.00592763659889642,0.161954719732693,0.15581892879529,0.962114157910743,0.939,0.00756828910652864,0.752,0.0136563538325572,1147.439,88.29,415.965,9.01787349134663,0.303146,4,0.3,10,500,68,0.0183510301023199,0
80,strict,1000,0.0029203109656723,0.167206334582673,0.163224299281512,0.976184901659981,0.943,0.00733150734842434,0.725,0.0141200212464429,893.211,76.262,372.599,9.01787349134663,0.303146,4,0.3,10,500,68,0.0183510301023199,0
81,delayed,1000,0.00218061793135716,0.14546929478561,0.138584857740037,0.952674294216394,0.942,0.00739161687318817,0.819,0.0121753439376471,1093.897,88.318,423.004,9.19315277972709,0.301862,6,0.3,10,500,72,0.0157218351722718,0
81,naive,1000,0.00339652507534477,0.144751582174161,0.138801646773024,0.958895541507945,0.941,0.00745110730026082,0.818,0.0122014753206323,1126.734,88.318,423.004,9.19315277972709,0.301862,6,0.3,10,500,72,0.0157218351722718,0
81,strict,1000,0.00594792262066313,0.150068031411816,0.144349710657417,0.961895143818425,0.937,0.00768316341099159,0.801,0.0126253316788115,910.85,78.218,395.834,9.19315277972709,0.301862,6,0.3,10,500,72,0.0157218351722718,0
82,delayed,1000,0.00226689778777317,0.211636769598198,0.20000146485122,0.945022290932392,0.931,0.00801492358042171,0.545,0.0157472219772251,984.067,67.358,361.132,8.67939353910688,0.502146,2,0.5,10,500,64,0.0436405347706183,0
82,naive,1000,0.00358162123677166,0.211391235395918,0.199679511852573,0.944596929378791,0.932,0.00796090447122687,0.557,0.0157083099027235,1007.92,67.358,361.132,8.67939353910688,0.502146,2,0.5,10,500,64,0.0436405347706183,0
82,strict,1000,0.00194289171280271,0.232311144960959,0.216603157294625,0.932383839488311,0.921,0.00852988862764339,0.482,0.0158011391994375,704.303,53.722,286.277,8.67939353910688,0.502146,2,0.5,10,500,64,0.0436405347706183,0
83,delayed,1000,-0.000101329744682189,0.180333690736615,0.174137789203718,0.96564201892842,0.926,0.00827792244467173,0.645,0.0151319199046255,960.287,69.383,376.707,9.01846176250355,0.496158,4,0.5,10,500,68,0.036455550745589,0
83,naive,1000,0.00251194284659427,0.18089678077078,0.174487170127737,0.96456758038627,0.93,0.00806845710157772,0.646,0.0151223014121528,992.144,69.383,376.707,9.01846176250355,0.496158,4,0.5,10,500,68,0.036455550745589,0
83,strict,1000,0.00460047417748024,0.190976024899401,0.184232515297364,0.96468923465346,0.932,0.00796090447122687,0.597,0.0155109960995418,737.981,58,329.67,9.01846176250355,0.496158,4,0.5,10,500,68,0.036455550745589,0
84,delayed,1000,0.0092996896453273,0.163069705955655,0.156905903921725,0.962201427924285,0.931,0.00801492358042171,0.74,0.0138708327075198,934.573,69.107,386.842,9.18681930174101,0.50018,6,0.5,10,500,72,0.0317491440559031,0
84,naive,1000,0.0116527752846507,0.164400347294846,0.157132051580368,0.95578904890363,0.932,0.00796090447122687,0.735,0.0139561814261638,967.219,69.107,386.842,9.18681930174101,0.50018,6,0.5,10,500,72,0.0317491440559031,0
84,strict,1000,0.00695151413097175,0.170454610793777,0.164847610019236,0.967105608065217,0.941,0.00745110730026082,0.712,0.0143197765345692,751.74,59.74,354.181,9.18681930174101,0.50018,6,0.5,10,500,72,0.0317491440559031,0
85,delayed,1000,-0.000753902441843207,0.127828640566303,0.124948975474991,0.977472457826708,0.949,0.00695693898205238,0.889,0.00993373041711924,2030.562,174.264,699.265,8.68478947246506,0,2,0,10,750,64,0,0
85,naive,1000,0.000776499183689305,0.127516553246958,0.125034972535202,0.980539148459024,0.951,0.00682634602111555,0.89,0.00989444288477123,2066.207,174.264,699.265,8.68478947246506,0,2,0,10,750,64,0,0
85,strict,1000,-0.000846315314860285,0.133643999326384,0.131990419645813,0.98762698146639,0.946,0.00714730718522718,0.861,0.0109397897603199,1608.539,150.178,590.482,8.68478947246506,0,2,0,10,750,64,0,0
86,delayed,1000,0.00326755342714006,0.112364578101313,0.111462316179067,0.991970228184968,0.948,0.00702111102319284,0.953,0.00669260786241059,1987.975,174.151,700.1,9.01328829035821,0,4,0,10,750,68,0,0
86,naive,1000,0.0050301227212278,0.112191601384456,0.111508030303465,0.993907110046073,0.952,0.00675988165576884,0.957,0.00641490451994416,2035.703,174.151,700.1,9.01328829035821,0,4,0,10,750,68,0,0
86,strict,1000,0.00237225434410181,0.116437267127284,0.115725654926585,0.993888449821468,0.949,0.00695693898205238,0.938,0.00762600813007697,1653.905,154.985,640.55,9.01328829035821,0,4,0,10,750,68,0,0
87,delayed,1000,-0.00216917040325875,0.101642001527128,0.100130658515035,0.985130723624235,0.94,0.00750999334220744,0.98,0.00442718872423573,1950.843,171.316,699.98,9.19610281753714,0,6,0,10,750,72,0,0
87,naive,1000,-0.00054432008541965,0.102571940224849,0.100235545383575,0.977221890936716,0.945,0.00720936890441875,0.979,0.00453420334788814,2000.151,171.316,699.98,9.19610281753714,0,6,0,10,750,72,0,0
87,strict,1000,-0.00181255570752648,0.10473379689435,0.103233087605851,0.985671203250535,0.941,0.00745110730026082,0.975,0.00493710441453288,1676.201,155.696,668.138,9.19610281753714,0,6,0,10,750,72,0,0
88,delayed,1000,0.00156980000042828,0.134294467665301,0.133421031406948,0.993496111392092,0.947,0.00708456067798138,0.86,0.0109726933794762,1877.858,153.241,656.647,8.69465725070598,0.151210666666667,2,0.15,10,750,64,0.00946065826051822,0
88,naive,1000,0.00351661678063981,0.134068411235206,0.133514032563412,0.995864956803127,0.949,0.00695693898205238,0.862,0.0109066951914867,1913.694,153.241,656.647,8.69465725070598,0.151210666666667,2,0.15,10,750,64,0.00946065826051822,0
88,strict,1000,0.00194494697601176,0.140940089011521,0.141486208491967,1.00387483422408,0.946,0.00714730718522718,0.815,0.0122790471943062,1458.389,130.224,547.448,8.69465725070598,0.151210666666667,2,0.15,10,750,64,0.00946065826051822,0
89,delayed,1000,0.00467588847839039,0.126502014250643,0.11880458253044,0.939151706272817,0.93,0.00806845710157772,0.928,0.00817410545564467,1838.854,153.97,664.455,9.01615904660072,0.148884,4,0.15,10,750,68,0.00790928663755782,0
89,naive,1000,0.006412634452215,0.126642770017997,0.11881590755277,0.93819732098315,0.929,0.00812151463706124,0.929,0.00812151463706124,1886.428,153.97,664.455,9.01615904660072,0.148884,4,0.15,10,750,68,0.00790928663755782,0
89,strict,1000,0.00549035354544276,0.13012050979118,0.123794861647472,0.951386233009231,0.934,0.00785136930732468,0.905,0.00927227048785787,1505.422,135.352,602.114,9.01615904660072,0.148884,4,0.15,10,750,68,0.00790928663755782,0
90,delayed,1000,-0.00213047409091865,0.109433867570883,0.105584464695009,0.964824391558855,0.942,0.00739161687318817,0.961,0.00612200947402077,1806.027,153.746,670.004,9.19575339772703,0.145972,6,0.15,10,750,72,0.00681480539501541,0
90,naive,1000,-0.000454627506668385,0.109784076262996,0.105664881633286,0.962479124751732,0.942,0.00739161687318817,0.958,0.00634318531969546,1855.659,153.746,670.004,9.19575339772703,0.145972,6,0.15,10,750,72,0.00681480539501541,0
90,strict,1000,-0.002069541208597,0.114969437514998,0.109057461722136,0.948577848855785,0.933,0.00790638982089803,0.954,0.00662449998113065,1532.244,138.45,634.115,9.19575339772703,0.145972,6,0.15,10,750,72,0.00681480539501541,0
91,delayed,1000,-0.00390393009920376,0.146926189068763,0.14474637226044,0.985163864780415,0.936,0.00773976743836661,0.803,0.0125774003673255,1714.451,130.759,610.693,8.69752075858983,0.303392,2,0.3,10,750,64,0.0215374942769801,0
91,naive,1000,-0.00222963064003901,0.147613482800406,0.14488704122309,0.981529860785125,0.939,0.00756828910652864,0.806,0.0125045591685593,1750.327,130.759,610.693,8.69752075858983,0.303392,2,0.3,10,750,64,0.0215374942769801,0
91,strict,1000,-0.00510320320812416,0.154241710650146,0.155019427564422,1.00504219585609,0.945,0.00720936890441875,0.742,0.0138360398958662,1293.77,108.713,499.836,8.69752075858983,0.303392,2,0.3,10,750,64,0.0215374942769801,0
92,delayed,1000,-0.00182086907154436,0.127090173533108,0.127082579304344,0.999940245350585,0.946,0.00714730718522718,0.889,0.00993373041711924,1672.518,132.268,624.06,9.01304814354436,0.304045333333333,4,0.3,10,750,68,0.0183510301023199,0
92,naive,1000,0.000431299116654264,0.12630947554096,0.127164803076199,1.00677168147185,0.948,0.00702111102319284,0.891,0.00985489725973843,1719.944,132.268,624.06,9.01304814354436,0.304045333333333,4,0.3,10,750,68,0.0183510301023199,0
92,strict,1000,-0.00137081101782588,0.132774149312846,0.132788714268096,1.00010969722137,0.935,0.0077958322198467,0.864,0.0108399261990108,1338.929,114.499,558.946,9.01304814354436,0.304045333333333,4,0.3,10,750,68,0.0183510301023199,0
93,delayed,1000,-0.00219884821228567,0.113317148044881,0.114368813798975,1.00928072910622,0.949,0.00695693898205238,0.941,0.00745110730026082,1640.751,132.322,634.093,9.18984764701758,0.301185333333333,6,0.3,10,750,72,0.0157218351722718,0
93,naive,1000,-0.000227029730369755,0.1137521122673,0.114401101869945,1.00570529715633,0.952,0.00675988165576884,0.946,0.00714730718522718,1689.91,132.322,634.093,9.18984764701758,0.301185333333333,6,0.3,10,750,72,0.0157218351722718,0
93,strict,1000,-0.00260057834325046,0.119194735365089,0.118868100982994,0.99725965764264,0.953,0.00669260786241059,0.921,0.00852988862764339,1366.837,117.46,593.616,9.18984764701758,0.301185333333333,6,0.3,10,750,72,0.0157218351722718,0
94,delayed,1000,0.00664419738224625,0.171450048669614,0.163702005095769,0.954808740890033,0.935,0.0077958322198467,0.711,0.0143345387090063,1475.636,100.312,541.611,8.69006733396132,0.50234,2,0.5,10,750,64,0.0436405347706183,0
94,naive,1000,0.00894450172780736,0.171735143765337,0.163761553042761,0.953570419264495,0.932,0.00796090447122687,0.706,0.0144070815920505,1511.49,100.312,541.611,8.69006733396132,0.50234,2,0.5,10,750,64,0.0436405347706183,0
94,strict,1000,0.00753823280854679,0.188195921679562,0.177493000384692,0.943128835102526,0.932,0.00796090447122687,0.652,0.0150630674166984,1054.655,79.971,428.989,8.69006733396132,0.50234,2,0.5,10,750,64,0.0436405347706183,0
95,delayed,1000,0.00152802500127645,0.150130775897093,0.143020553912604,0.952639810578457,0.938,0.00762600813007697,0.801,0.0126253316788115,1439.696,104.118,564.82,9.01915714143892,0.497772,4,0.5,10,750,68,0.036455550745589,0
95,naive,1000,0.00451651096089191,0.149735020125379,0.143083624410008,0.955578890564132,0.943,0.00733150734842434,0.801,0.0126253316788115,1487.843,104.118,564.82,9.01915714143892,0.497772,4,0.5,10,750,68,0.036455550745589,0
95,strict,1000,0.000864079746270285,0.159109082504787,0.150910619405269,0.948472689487911,0.94,0.00750999334220744,0.76,0.0135055544129073,1105.838,87.156,494.027,9.01915714143892,0.497772,4,0.5,10,750,68,0.036455550745589,0
96,delayed,1000,0.00321061357728948,0.130192770158343,0.128169410422961,0.984458739660267,0.938,0.00762600813007697,0.903,0.00935900635751467,1401.794,104.772,580.495,9.18820368449597,0.499190666666667,6,0.5,10,750,72,0.0317491440559031,0
96,naive,1000,0.00592829566741371,0.130013211997049,0.128311411851066,0.986910559935851,0.938,0.00762600813007697,0.902,0.00940191469861325,1450.998,104.772,580.495,9.18820368449597,0.499190666666667,6,0.5,10,750,72,0.0317491440559031,0
96,strict,1000,0.00531381643281159,0.136395363371713,0.13441269390121,0.985463805942589,0.936,0.00773976743836661,0.861,0.0109397897603199,1127.204,90.494,531.091,9.18820368449597,0.499190666666667,6,0.5,10,750,72,0.0317491440559031,0
97,delayed,1000,0.000485991104085645,0.0895088262403538,0.0886626766745719,0.990546747160891,0.944,0.00727076337120113,0.995,0.00223047080231955,4059.006,348.135,1397.896,8.69282143360506,0,2,0,10,1500,64,0,0
97,naive,1000,0.0018285755728683,0.089030532765598,0.0886765689506706,0.996024242426367,0.949,0.00695693898205238,0.996,0.00199599599197994,4130.357,348.135,1397.896,8.69282143360506,0,2,0,10,1500,64,0,0
97,strict,1000,-0.000316419732438467,0.0962184702503592,0.0936208287337019,0.973002672876649,0.945,0.00720936890441875,0.985,0.00384382621875652,3219.887,300.744,1181.611,8.69282143360506,0,2,0,10,1500,64,0,0
98,delayed,1000,0.00230779185349772,0.0775218201025847,0.0787730930752736,1.01614091324266,0.952,0.00675988165576884,0.999,0.000999499874937461,3972.607,346.995,1399.385,9.02816584408647,0,4,0,10,1500,68,0,0
98,naive,1000,0.00390815932071756,0.0778285925854772,0.0787956771324036,1.0124258259696,0.952,0.00675988165576884,0.999,0.000999499874937461,4068.528,346.995,1399.385,9.02816584408647,0,4,0,10,1500,68,0,0
98,strict,1000,0.000794611902758096,0.0799817890139565,0.0816309099956152,1.02061870585779,0.959,0.00627048642451286,0.999,0.000999499874937461,3305.534,308.622,1279.431,9.02816584408647,0,4,0,10,1500,68,0,0
99,delayed,1000,-0.00243886803561466,0.072413516611101,0.0708063920344009,0.977806290152552,0.953,0.00669260786241059,1,0,3904.001,342.842,1400.706,9.19293085296071,0,6,0,10,1500,72,0,0
99,naive,1000,-0.000763852508202517,0.0726005454252797,0.0708381910317585,0.975725328464164,0.957,0.00641490451994416,0.999,0.000999499874937461,4002.388,342.842,1400.706,9.19293085296071,0,6,0,10,1500,72,0,0
99,strict,1000,-0.00146613309300153,0.0749405221175939,0.0730828010368739,0.975210726744004,0.953,0.00669260786241059,0.999,0.000999499874937461,3355.18,311.231,1337.059,9.19293085296071,0,6,0,10,1500,72,0,0
100,delayed,1000,-0.00233608288071907,0.0986327511728169,0.0937806067199077,0.950805950404773,0.934,0.00785136930732468,0.984,0.00396787096564392,3757.497,308.566,1314.132,8.688330574871,0.151087333333333,2,0.15,10,1500,64,0.00946065826051822,0
100,naive,1000,-0.000567080525666284,0.0991485036248683,0.0937879679403837,0.945934275470597,0.932,0.00796090447122687,0.981,0.00431729081716764,3829.275,308.566,1314.132,8.688330574871,0.151087333333333,2,0.15,10,1500,64,0.00946065826051822,0
100,strict,1000,-0.00104903085206732,0.106132385681149,0.0997728132371075,0.940078870335132,0.934,0.00785136930732468,0.97,0.00539444158370447,2919.361,262.322,1096.211,8.688330574871,0.151087333333333,2,0.15,10,1500,64,0.00946065826051822,0
101,delayed,1000,0.00313271951149597,0.0865475613247019,0.083510215731309,0.96490547455176,0.946,0.00714730718522718,0.998,0.00141279864099595,3680.871,307.426,1329.873,9.02354790137557,0.147762,4,0.15,10,1500,68,0.00790928663755782,0
101,naive,1000,0.00479370561293626,0.0862423772902747,0.0835285591539962,0.9685326608386,0.945,0.00720936890441875,0.999,0.000999499874937461,3776.182,307.426,1329.873,9.02354790137557,0.147762,4,0.15,10,1500,68,0.00790928663755782,0
101,strict,1000,0.00313751391377771,0.0898288030777899,0.0870999830652951,0.969621992957741,0.946,0.00714730718522718,0.996,0.00199599599197994,3013.848,270.236,1205.559,9.02354790137557,0.147762,4,0.15,10,1500,68,0.00790928663755782,0
102,delayed,1000,0.000797920208576387,0.0740012038066129,0.0747543955141854,1.0101781007447,0.953,0.00669260786241059,1,0,3612.379,305.669,1340.012,9.19478693933677,0.146328,6,0.15,10,1500,72,0.00681480539501541,0
102,naive,1000,0.00277072697472231,0.0739955602651994,0.0747696073406367,1.01046072321992,0.953,0.00669260786241059,1,0,3711.512,305.669,1340.012,9.19478693933677,0.146328,6,0.15,10,1500,72,0.00681480539501541,0
102,strict,1000,0.000831856443557596,0.0763019238983726,0.0774042065632407,1.0144463285924,0.952,0.00675988165576884,1,0,3063.579,275.208,1268.365,9.19478693933677,0.146328,6,0.15,10,1500,72,0.00681480539501541,0
103,delayed,1000,0.00195734802174114,0.103343236082034,0.101690745518293,0.984009688235142,0.942,0.00739161687318817,0.975,0.00493710441453288,3426.05,262.739,1220.021,8.68545760937893,0.303960666666667,2,0.3,10,1500,64,0.0215374942769801,0
103,naive,1000,0.00383171788373739,0.103066004718834,0.101744197208155,0.987175135833731,0.942,0.00739161687318817,0.977,0.00474035863622153,3497.56,262.739,1220.021,8.68545760937893,0.303960666666667,2,0.3,10,1500,64,0.0215374942769801,0
103,strict,1000,-0.000803745093461691,0.111215373341462,0.108972992143683,0.979837488915365,0.941,0.00745110730026082,0.96,0.00619677335393187,2588.057,218.953,1000.014,8.68545760937893,0.303960666666667,2,0.3,10,1500,64,0.0215374942769801,0
104,delayed,1000,0.00116952380430512,0.0936932075349549,0.0900308131564451,0.960910780249002,0.94,0.00750999334220744,0.995,0.00223047080231955,3345.409,265.193,1247.901,9.0172298748658,0.304544,4,0.3,10,1500,68,0.0183510301023199,0
104,naive,1000,0.00277380923129074,0.0936994097779808,0.0900593971185294,0.961152234917206,0.941,0.00745110730026082,0.997,0.00172945077987204,3440.822,265.193,1247.901,9.0172298748658,0.304544,4,0.3,10,1500,68,0.0183510301023199,0
104,strict,1000,0.00149886456832865,0.0973735384707718,0.0941848089574061,0.967252607192427,0.945,0.00720936890441875,0.989,0.00329833291224522,2679.158,229.12,1117.604,9.0172298748658,0.304544,4,0.3,10,1500,68,0.0183510301023199,0
105,delayed,1000,-0.00125341289534603,0.0789901626919266,0.0803569869950233,1.01730372816711,0.954,0.00662449998113065,0.997,0.00172945077987204,3280.527,265.191,1267.975,9.19119181503704,0.300739333333333,6,0.3,10,1500,72,0.0157218351722718,0
105,naive,1000,0.000164168310961027,0.0790431306171826,0.0803883686310897,1.01701903762418,0.951,0.00682634602111555,0.997,0.00172945077987204,3378.844,265.191,1267.975,9.19119181503704,0.300739333333333,6,0.3,10,1500,72,0.0157218351722718,0
105,strict,1000,-0.00210619772426023,0.0827322436607964,0.083667142771225,1.0113002992432,0.955,0.00655553201502365,0.995,0.00223047080231955,2733.44,235.635,1186.988,9.19119181503704,0.300739333333333,6,0.3,10,1500,72,0.0157218351722718,0
106,delayed,1000,0.00219609873367909,0.116880863826735,0.115934403463299,0.991902349687978,0.938,0.00762600813007697,0.943,0.00733150734842434,2950.085,201.715,1082.855,8.69221395292227,0.502166,2,0.5,10,1500,64,0.0436405347706183,0
106,naive,1000,0.00476809490724598,0.116732232390224,0.116044473261795,0.994108232881814,0.943,0.00733150734842434,0.934,0.00785136930732468,3021.521,201.715,1082.855,8.69221395292227,0.502166,2,0.5,10,1500,64,0.0436405347706183,0
106,strict,1000,0.00365937565119482,0.125263183116029,0.125967384579885,1.00562177526021,0.951,0.00682634602111555,0.9,0.00948683298050514,2111.122,161.151,858.265,8.69221395292227,0.502166,2,0.5,10,1500,64,0.0436405347706183,0
107,delayed,1000,0.00189695807518301,0.106150947923573,0.102515638071612,0.965753392474845,0.94,0.00750999334220744,0.97,0.00539444158370447,2880.635,206.218,1129.931,9.01809827569892,0.497697333333333,4,0.5,10,1500,68,0.036455550745589,0
107,naive,1000,0.00398869947975798,0.106118995494717,0.102652528253391,0.967334149506733,0.94,0.00750999334220744,0.974,0.00503229569878401,2975.782,206.218,1129.931,9.01809827569892,0.497697333333333,4,0.5,10,1500,68,0.036455550745589,0
107,strict,1000,0.00238561093474214,0.110441769112546,0.108322765361633,0.980813384574149,0.944,0.00727076337120113,0.961,0.00612200947402077,2214.191,172.656,989.25,9.01809827569892,0.497697333333333,4,0.5,10,1500,68,0.036455550745589,0
108,delayed,1000,0.00100059405416251,0.0901124872388042,0.0907959844212947,1.00758493304795,0.953,0.00669260786241059,0.994,0.00244213021765835,2800.272,208.497,1159.011,9.19449133975681,0.499955333333333,6,0.5,10,1500,72,0.0317491440559031,0
108,naive,1000,0.00355768934966821,0.0899347006629159,0.0908712488670189,1.01041364675926,0.951,0.00682634602111555,0.996,0.00199599599197994,2898.911,208.497,1159.011,9.19449133975681,0.499955333333333,6,0.5,10,1500,72,0.0317491440559031,0
108,strict,1000,0.00149040592385685,0.0946721724321378,0.0953426823891292,1.00708243974724,0.947,0.00708456067798138,0.99,0.00314642654451046,2253.171,180.546,1060.709,9.19449133975681,0.499955333333333,6,0.5,10,1500,72,0.0317491440559031,0
