entry_sd_index,replicate,entry_sd,outer_seed,bootstrap_seed
1,1,0.25,710002001,1010002001
1,2,0.25,710002002,1010002002
1,3,0.25,710002003,1010002003
1,4,0.25,710002004,1010002004
1,5,0.25,710002005,1010002005
1,6,0.25,710002006,1010002006
1,7,0.25,710002007,1010002007
1,8,0.25,710002008,1010002008
1,9,0.25,710002009,1010002009
1,10,0.25,710002010,1010002010
1,11,0.25,710002011,1010002011
1,12,0.25,710002012,1010002012
1,13,0.25,710002013,1010002013
1,14,0.25,710002014,1010002014
1,15,0.25,710002015,1010002015
1,16,0.25,710002016,1010002016
1,17,0.25,710002017,1010002017
1,18,0.25,710002018,1010002018
1,19,0.25,710002019,1010002019
1,20,0.25,710002020,1010002020
1,21,0.25,710002021,1010002021
1,22,0.25,710002022,1010002022
1,23,0.25,710002023,1010002023
1,24,0.25,710002024,1010002024
1,25,0.25,710002025,1010002025
1,26,0.25,710002026,1010002026
1,27,0.25,710002027,1010002027
1,28,0.25,710002028,1010002028
1,29,0.25,710002029,1010002029
1,30,0.25,710002030,1010002030
1,31,0.25,710002031,1010002031
1,32,0.25,710002032,1010002032
1,33,0.25,710002033,1010002033
1,34,0.25,710002034,1010002034
1,35,0.25,710002035,1010002035
1,36,0.25,710002036,1010002036
1,37,0.25,710002037,1010002037
1,38,0.25,710002038,1010002038
1,39,0.25,710002039,1010002039
1,40,0.25,710002040,1010002040
1,41,0.25,710002041,1010002041
1,42,0.25,710002042,1010002042
1,43,0.25,710002043,1010002043
1,44,0.25,710002044,1010002044
1,45,0.25,710002045,1010002045
1,46,0.25,710002046,1010002046
1,47,0.25,710002047,1010002047
1,48,0.25,710002048,1010002048
1,49,0.25,710002049,1010002049
1,50,0.25,710002050,1010002050
1,51,0.25,710002051,1010002051
1,52,0.25,710002052,1010002052
1,53,0.25,710002053,1010002053
1,54,0.25,710002054,1010002054
1,55,0.25,710002055,1010002055
1,56,0.25,710002056,1010002056
1,57,0.25,710002057,1010002057
1,58,0.25,710002058,1010002058
1,59,0.25,710002059,1010002059
1,60,0.25,710002060,1010002060
1,61,0.25,710002061,1010002061
1,62,0.25,710002062,1010002062
1,63,0.25,710002063,1010002063
1,64,0.25,710002064,1010002064
1,65,0.25,710002065,1010002065
1,66,0.25,710002066,1010002066
1,67,0.25,710002067,1010002067
1,68,0.25,710002068,1010002068
1,69,0.25,710002069,1010002069
1,70,0.25,710002070,1010002070
1,71,0.25,710002071,1010002071
1,72,0.25,710002072,1010002072
1,73,0.25,710002073,1010002073
1,74,0.25,710002074,1010002074
1,75,0.25,710002075,1010002075
1,76,0.25,710002076,1010002076
1,77,0.25,710002077,1010002077
1,78,0.25,710002078,1010002078
1,79,0.25,710002079,1010002079
1,80,0.25,710002080,1010002080
1,81,0.25,710002081,1010002081
1,82,0.25,710002082,1010002082
1,83,0.25,710002083,1010002083
1,84,0.25,710002084,1010002084
1,85,0.25,710002085,1010002085
1,86,0.25,710002086,1010002086
1,87,0.25,710002087,1010002087
1,88,0.25,710002088,1010002088
1,89,0.25,710002089,1010002089
1,90,0.25,710002090,1010002090
1,91,0.25,710002091,1010002091
1,92,0.25,710002092,1010002092
1,93,0.25,710002093,1010002093
1,94,0.25,710002094,1010002094
1,95,0.25,710002095,1010002095
1,96,0.25,710002096,1010002096
1,97,0.25,710002097,1010002097
1,98,0.25,710002098,1010002098
1,99,0.25,710002099,1010002099
1,100,0.25,710002100,1010002100
1,101,0.25,710002101,1010002101
1,102,0.25,710002102,1010002102
1,103,0.25,710002103,1010002103
1,104,0.25,710002104,1010002104
1,105,0.25,710002105,1010002105
1,106,0.25,710002106,1010002106
1,107,0.25,710002107,1010002107
1,108,0.25,710002108,1010002108
1,109,0.25,710002109,1010002109
1,110,0.25,710002110,1010002110
1,111,0.25,710002111,1010002111
1,112,0.25,710002112,1010002112
1,113,0.25,710002113,1010002113
1,114,0.25,710002114,1010002114
1,115,0.25,710002115,1010002115
1,116,0.25,710002116,1010002116
1,117,0.25,710002117,1010002117
1,118,0.25,710002118,1010002118
1,119,0.25,710002119,1010002119
1,120,0.25,710002120,1010002120
1,121,0.25,710002121,1010002121
1,122,0.25,710002122,1010002122
1,123,0.25,710002123,1010002123
1,124,0.25,710002124,1010002124
1,125,0.25,710002125,1010002125
1,126,0.25,710002126,1010002126
1,127,0.25,710002127,1010002127
1,128,0.25,710002128,1010002128
1,129,0.25,710002129,1010002129
1,130,0.25,710002130,1010002130
1,131,0.25,710002131,1010002131
1,132,0.25,710002132,1010002132
1,133,0.25,710002133,1010002133
1,134,0.25,710002134,1010002134
1,135,0.25,710002135,1010002135
1,136,0.25,710002136,1010002136
1,137,0.25,710002137,1010002137
1,138,0.25,710002138,1010002138
1,139,0.25,710002139,1010002139
1,140,0.25,710002140,1010002140
1,141,0.25,710002141,1010002141
1,142,0.25,710002142,1010002142
1,143,0.25,710002143,1010002143
1,144,0.25,710002144,1010002144
1,145,0.25,710002145,1010002145
1,146,0.25,710002146,1010002146
1,147,0.25,710002147,1010002147
1,148,0.25,710002148,1010002148
1,149,0.25,710002149,1010002149
1,150,0.25,710002150,1010002150
1,151,0.25,710002151,1010002151
1,152,0.25,710002152,1010002152
1,153,0.25,710002153,1010002153
1,154,0.25,710002154,1010002154
1,155,0.25,710002155,1010002155
1,156,0.25,710002156,1010002156
1,157,0.25,710002157,1010002157
1,158,0.25,710002158,1010002158
1,159,0.25,710002159,1010002159
1,160,0.25,710002160,1010002160
1,161,0.25,710002161,1010002161
1,162,0.25,710002162,1010002162
1,163,0.25,710002163,1010002163
1,164,0.25,710002164,1010002164
1,165,0.25,710002165,1010002165
1,166,0.25,710002166,1010002166
1,167,0.25,710002167,1010002167
1,168,0.25,710002168,1010002168
1,169,0.25,710002169,1010002169
1,170,0.25,710002170,1010002170
1,171,0.25,710002171,1010002171
1,172,0.25,710002172,1010002172
1,173,0.25,710002173,1010002173
1,174,0.25,710002174,1010002174
1,175,0.25,710002175,1010002175
1,176,0.25,710002176,1010002176
1,177,0.25,710002177,1010002177
1,178,0.25,710002178,1010002178
1,179,0.25,710002179,1010002179
1,180,0.25,710002180,1010002180
1,181,0.25,710002181,1010002181
1,182,0.25,710002182,1010002182
1,183,0.25,710002183,1010002183
1,184,0.25,710002184,1010002184
1,185,0.25,710002185,1010002185
1,186,0.25,710002186,1010002186
1,187,0.25,710002187,1010002187
1,188,0.25,710002188,1010002188
1,189,0.25,710002189,1010002189
1,190,0.25,710002190,1010002190
1,191,0.25,710002191,1010002191
1,192,0.25,710002192,1010002192
1,193,0.25,710002193,1010002193
1,194,0.25,710002194,1010002194
1,195,0.25,710002195,1010002195
1,196,0.25,710002196,1010002196
1,197,0.25,710002197,1010002197
1,198,0.25,710002198,1010002198
1,199,0.25,710002199,1010002199
1,200,0.25,710002200,1010002200
1,201,0.25,710002201,1010002201
1,202,0.25,710002202,1010002202
1,203,0.25,710002203,1010002203
1,204,0.25,710002204,1010002204
1,205,0.25,710002205,1010002205
1,206,0.25,710002206,1010002206
1,207,0.25,710002207,1010002207
1,208,0.25,710002208,1010002208
1,209,0.25,710002209,1010002209
1,210,0.25,710002210,1010002210
1,211,0.25,710002211,1010002211
1,212,0.25,710002212,1010002212
1,213,0.25,710002213,1010002213
1,214,0.25,710002214,1010002214
1,215,0.25,710002215,1010002215
1,216,0.25,710002216,1010002216
1,217,0.25,710002217,1010002217
1,218,0.25,710002218,1010002218
1,219,0.25,710002219,1010002219
1,220,0.25,710002220,1010002220
1,221,0.25,710002221,1010002221
1,222,0.25,710002222,1010002222
1,223,0.25,710002223,1010002223
1,224,0.25,710002224,1010002224
1,225,0.25,710002225,1010002225
1,226,0.25,710002226,1010002226
1,227,0.25,710002227,1010002227
1,228,0.25,710002228,1010002228
1,229,0.25,710002229,1010002229
1,230,0.25,710002230,1010002230
1,231,0.25,710002231,1010002231
1,232,0.25,710002232,1010002232
1,233,0.25,710002233,1010002233
1,234,0.25,710002234,1010002234
1,235,0.25,710002235,1010002235
1,236,0.25,710002236,1010002236
1,237,0.25,710002237,1010002237
1,238,0.25,710002238,1010002238
1,239,0.25,710002239,1010002239
1,240,0.25,710002240,1010002240
1,241,0.25,710002241,1010002241
1,242,0.25,710002242,1010002242
1,243,0.25,710002243,1010002243
1,244,0.25,710002244,1010002244
1,245,0.25,710002245,1010002245
1,246,0.25,710002246,1010002246
1,247,0.25,710002247,1010002247
1,248,0.25,710002248,1010002248
1,249,0.25,710002249,1010002249
1,250,0.25,710002250,1010002250
1,251,0.25,710002251,1010002251
1,252,0.25,710002252,1010002252
1,253,0.25,710002253,1010002253
1,254,0.25,710002254,1010002254
1,255,0.25,710002255,1010002255
1,256,0.25,710002256,1010002256
1,257,0.25,710002257,1010002257
1,258,0.25,710002258,1010002258
1,259,0.25,710002259,1010002259
1,260,0.25,710002260,1010002260
1,261,0.25,710002261,1010002261
1,262,0.25,710002262,1010002262
1,263,0.25,710002263,1010002263
1,264,0.25,710002264,1010002264
1,265,0.25,710002265,1010002265
1,266,0.25,710002266,1010002266
1,267,0.25,710002267,1010002267
1,268,0.25,710002268,1010002268
1,269,0.25,710002269,1010002269
1,270,0.25,710002270,1010002270
1,271,0.25,710002271,1010002271
1,272,0.25,710002272,1010002272
1,273,0.25,710002273,1010002273
1,274,0.25,710002274,1010002274
1,275,0.25,710002275,1010002275
1,276,0.25,710002276,1010002276
1,277,0.25,710002277,1010002277
1,278,0.25,710002278,1010002278
1,279,0.25,710002279,1010002279
1,280,0.25,710002280,1010002280
1,281,0.25,710002281,1010002281
1,282,0.25,710002282,1010002282
1,283,0.25,710002283,1010002283
1,284,0.25,710002284,1010002284
1,285,0.25,710002285,1010002285
1,286,0.25,710002286,1010002286
1,287,0.25,710002287,1010002287
1,288,0.25,710002288,1010002288
1,289,0.25,710002289,1010002289
1,290,0.25,710002290,1010002290
1,291,0.25,710002291,1010002291
1,292,0.25,710002292,1010002292
1,293,0.25,710002293,1010002293
1,294,0.25,710002294,1010002294
1,295,0.25,710002295,1010002295
1,296,0.25,710002296,1010002296
1,297,0.25,710002297,1010002297
1,298,0.25,710002298,1010002298
1,299,0.25,710002299,1010002299
1,300,0.25,710002300,1010002300
1,301,0.25,710002301,1010002301
1,302,0.25,710002302,1010002302
1,303,0.25,710002303,1010002303
1,304,0.25,710002304,1010002304
1,305,0.25,710002305,1010002305
1,306,0.25,710002306,1010002306
1,307,0.25,710002307,1010002307
1,308,0.25,710002308,1010002308
1,309,0.25,710002309,1010002309
1,310,0.25,710002310,1010002310
1,311,0.25,710002311,1010002311
1,312,0.25,710002312,1010002312
1,313,0.25,710002313,1010002313
1,314,0.25,710002314,1010002314
1,315,0.25,710002315,1010002315
1,316,0.25,710002316,1010002316
1,317,0.25,710002317,1010002317
1,318,0.25,710002318,1010002318
1,319,0.25,710002319,1010002319
1,320,0.25,710002320,1010002320
1,321,0.25,710002321,1010002321
1,322,0.25,710002322,1010002322
1,323,0.25,710002323,1010002323
1,324,0.25,710002324,1010002324
1,325,0.25,710002325,1010002325
1,326,0.25,710002326,1010002326
1,327,0.25,710002327,1010002327
1,328,0.25,710002328,1010002328
1,329,0.25,710002329,1010002329
1,330,0.25,710002330,1010002330
1,331,0.25,710002331,1010002331
1,332,0.25,710002332,1010002332
1,333,0.25,710002333,1010002333
1,334,0.25,710002334,1010002334
1,335,0.25,710002335,1010002335
1,336,0.25,710002336,1010002336
1,337,0.25,710002337,1010002337
1,338,0.25,710002338,1010002338
1,339,0.25,710002339,1010002339
1,340,0.25,710002340,1010002340
1,341,0.25,710002341,1010002341
1,342,0.25,710002342,1010002342
1,343,0.25,710002343,1010002343
1,344,0.25,710002344,1010002344
1,345,0.25,710002345,1010002345
1,346,0.25,710002346,1010002346
1,347,0.25,710002347,1010002347
1,348,0.25,710002348,1010002348
1,349,0.25,710002349,1010002349
1,350,0.25,710002350,1010002350
1,351,0.25,710002351,1010002351
1,352,0.25,710002352,1010002352
1,353,0.25,710002353,1010002353
1,354,0.25,710002354,1010002354
1,355,0.25,710002355,1010002355
1,356,0.25,710002356,1010002356
1,357,0.25,710002357,1010002357
1,358,0.25,710002358,1010002358
1,359,0.25,710002359,1010002359
1,360,0.25,710002360,1010002360
1,361,0.25,710002361,1010002361
1,362,0.25,710002362,1010002362
1,363,0.25,710002363,1010002363
1,364,0.25,710002364,1010002364
1,365,0.25,710002365,1010002365
1,366,0.25,710002366,1010002366
1,367,0.25,710002367,1010002367
1,368,0.25,710002368,1010002368
1,369,0.25,710002369,1010002369
1,370,0.25,710002370,1010002370
1,371,0.25,710002371,1010002371
1,372,0.25,710002372,1010002372
1,373,0.25,710002373,1010002373
1,374,0.25,710002374,1010002374
1,375,0.25,710002375,1010002375
1,376,0.25,710002376,1010002376
1,377,0.25,710002377,1010002377
1,378,0.25,710002378,1010002378
1,379,0.25,710002379,1010002379
1,380,0.25,710002380,1010002380
1,381,0.25,710002381,1010002381
1,382,0.25,710002382,1010002382
1,383,0.25,710002383,1010002383
1,384,0.25,710002384,1010002384
1,385,0.25,710002385,1010002385
1,386,0.25,710002386,1010002386
1,387,0.25,710002387,1010002387
1,388,0.25,710002388,1010002388
1,389,0.25,710002389,1010002389
1,390,0.25,710002390,1010002390
1,391,0.25,710002391,1010002391
1,392,0.25,710002392,1010002392
1,393,0.25,710002393,1010002393
1,394,0.25,710002394,1010002394
1,395,0.25,710002395,1010002395
1,396,0.25,710002396,1010002396
1,397,0.25,710002397,1010002397
1,398,0.25,710002398,1010002398
1,399,0.25,710002399,1010002399
1,400,0.25,710002400,1010002400
1,401,0.25,710002401,1010002401
1,402,0.25,710002402,1010002402
1,403,0.25,710002403,1010002403
1,404,0.25,710002404,1010002404
1,405,0.25,710002405,1010002405
1,406,0.25,710002406,1010002406
1,407,0.25,710002407,1010002407
1,408,0.25,710002408,1010002408
1,409,0.25,710002409,1010002409
1,410,0.25,710002410,1010002410
1,411,0.25,710002411,1010002411
1,412,0.25,710002412,1010002412
1,413,0.25,710002413,1010002413
1,414,0.25,710002414,1010002414
1,415,0.25,710002415,1010002415
1,416,0.25,710002416,1010002416
1,417,0.25,710002417,1010002417
1,418,0.25,710002418,1010002418
1,419,0.25,710002419,1010002419
1,420,0.25,710002420,1010002420
1,421,0.25,710002421,1010002421
1,422,0.25,710002422,1010002422
1,423,0.25,710002423,1010002423
1,424,0.25,710002424,1010002424
1,425,0.25,710002425,1010002425
1,426,0.25,710002426,1010002426
1,427,0.25,710002427,1010002427
1,428,0.25,710002428,1010002428
1,429,0.25,710002429,1010002429
1,430,0.25,710002430,1010002430
1,431,0.25,710002431,1010002431
1,432,0.25,710002432,1010002432
1,433,0.25,710002433,1010002433
1,434,0.25,710002434,1010002434
1,435,0.25,710002435,1010002435
1,436,0.25,710002436,1010002436
1,437,0.25,710002437,1010002437
1,438,0.25,710002438,1010002438
1,439,0.25,710002439,1010002439
1,440,0.25,710002440,1010002440
1,441,0.25,710002441,1010002441
1,442,0.25,710002442,1010002442
1,443,0.25,710002443,1010002443
1,444,0.25,710002444,1010002444
1,445,0.25,710002445,1010002445
1,446,0.25,710002446,1010002446
1,447,0.25,710002447,1010002447
1,448,0.25,710002448,1010002448
1,449,0.25,710002449,1010002449
1,450,0.25,710002450,1010002450
1,451,0.25,710002451,1010002451
1,452,0.25,710002452,1010002452
1,453,0.25,710002453,1010002453
1,454,0.25,710002454,1010002454
1,455,0.25,710002455,1010002455
1,456,0.25,710002456,1010002456
1,457,0.25,710002457,1010002457
1,458,0.25,710002458,1010002458
1,459,0.25,710002459,1010002459
1,460,0.25,710002460,1010002460
1,461,0.25,710002461,1010002461
1,462,0.25,710002462,1010002462
1,463,0.25,710002463,1010002463
1,464,0.25,710002464,1010002464
1,465,0.25,710002465,1010002465
1,466,0.25,710002466,1010002466
1,467,0.25,710002467,1010002467
1,468,0.25,710002468,1010002468
1,469,0.25,710002469,1010002469
1,470,0.25,710002470,1010002470
1,471,0.25,710002471,1010002471
1,472,0.25,710002472,1010002472
1,473,0.25,710002473,1010002473
1,474,0.25,710002474,1010002474
1,475,0.25,710002475,1010002475
1,476,0.25,710002476,1010002476
1,477,0.25,710002477,1010002477
1,478,0.25,710002478,1010002478
1,479,0.25,710002479,1010002479
1,480,0.25,710002480,1010002480
1,481,0.25,710002481,1010002481
1,482,0.25,710002482,1010002482
1,483,0.25,710002483,1010002483
1,484,0.25,710002484,1010002484
1,485,0.25,710002485,1010002485
1,486,0.25,710002486,1010002486
1,487,0.25,710002487,1010002487
1,488,0.25,710002488,1010002488
1,489,0.25,710002489,1010002489
1,490,0.25,710002490,1010002490
1,491,0.25,710002491,1010002491
1,492,0.25,710002492,1010002492
1,493,0.25,710002493,1010002493
1,494,0.25,710002494,1010002494
1,495,0.25,710002495,1010002495
1,496,0.25,710002496,1010002496
1,497,0.25,710002497,1010002497
1,498,0.25,710002498,1010002498
1,499,0.25,710002499,1010002499
1,500,0.25,710002500,1010002500
1,501,0.25,710002501,1010002501
1,502,0.25,710002502,1010002502
1,503,0.25,710002503,1010002503
1,504,0.25,710002504,1010002504
1,505,0.25,710002505,1010002505
1,506,0.25,710002506,1010002506
1,507,0.25,710002507,1010002507
1,508,0.25,710002508,1010002508
1,509,0.25,710002509,1010002509
1,510,0.25,710002510,1010002510
1,511,0.25,710002511,1010002511
1,512,0.25,710002512,1010002512
1,513,0.25,710002513,1010002513
1,514,0.25,710002514,1010002514
1,515,0.25,710002515,1010002515
1,516,0.25,710002516,1010002516
1,517,0.25,710002517,1010002517
1,518,0.25,710002518,1010002518
1,519,0.25,710002519,1010002519
1,520,0.25,710002520,1010002520
1,521,0.25,710002521,1010002521
1,522,0.25,710002522,1010002522
1,523,0.25,710002523,1010002523
1,524,0.25,710002524,1010002524
1,525,0.25,710002525,1010002525
1,526,0.25,710002526,1010002526
1,527,0.25,710002527,1010002527
1,528,0.25,710002528,1010002528
1,529,0.25,710002529,1010002529
1,530,0.25,710002530,1010002530
1,531,0.25,710002531,1010002531
1,532,0.25,710002532,1010002532
1,533,0.25,710002533,1010002533
1,534,0.25,710002534,1010002534
1,535,0.25,710002535,1010002535
1,536,0.25,710002536,1010002536
1,537,0.25,710002537,1010002537
1,538,0.25,710002538,1010002538
1,539,0.25,710002539,1010002539
1,540,0.25,710002540,1010002540
1,541,0.25,710002541,1010002541
1,542,0.25,710002542,1010002542
1,543,0.25,710002543,1010002543
1,544,0.25,710002544,1010002544
1,545,0.25,710002545,1010002545
1,546,0.25,710002546,1010002546
1,547,0.25,710002547,1010002547
1,548,0.25,710002548,1010002548
1,549,0.25,710002549,1010002549
1,550,0.25,710002550,1010002550
1,551,0.25,710002551,1010002551
1,552,0.25,710002552,1010002552
1,553,0.25,710002553,1010002553
1,554,0.25,710002554,1010002554
1,555,0.25,710002555,1010002555
1,556,0.25,710002556,1010002556
1,557,0.25,710002557,1010002557
1,558,0.25,710002558,1010002558
1,559,0.25,710002559,1010002559
1,560,0.25,710002560,1010002560
1,561,0.25,710002561,1010002561
1,562,0.25,710002562,1010002562
1,563,0.25,710002563,1010002563
1,564,0.25,710002564,1010002564
1,565,0.25,710002565,1010002565
1,566,0.25,710002566,1010002566
1,567,0.25,710002567,1010002567
1,568,0.25,710002568,1010002568
1,569,0.25,710002569,1010002569
1,570,0.25,710002570,1010002570
1,571,0.25,710002571,1010002571
1,572,0.25,710002572,1010002572
1,573,0.25,710002573,1010002573
1,574,0.25,710002574,1010002574
1,575,0.25,710002575,1010002575
1,576,0.25,710002576,1010002576
1,577,0.25,710002577,1010002577
1,578,0.25,710002578,1010002578
1,579,0.25,710002579,1010002579
1,580,0.25,710002580,1010002580
1,581,0.25,710002581,1010002581
1,582,0.25,710002582,1010002582
1,583,0.25,710002583,1010002583
1,584,0.25,710002584,1010002584
1,585,0.25,710002585,1010002585
1,586,0.25,710002586,1010002586
1,587,0.25,710002587,1010002587
1,588,0.25,710002588,1010002588
1,589,0.25,710002589,1010002589
1,590,0.25,710002590,1010002590
1,591,0.25,710002591,1010002591
1,592,0.25,710002592,1010002592
1,593,0.25,710002593,1010002593
1,594,0.25,710002594,1010002594
1,595,0.25,710002595,1010002595
1,596,0.25,710002596,1010002596
1,597,0.25,710002597,1010002597
1,598,0.25,710002598,1010002598
1,599,0.25,710002599,1010002599
1,600,0.25,710002600,1010002600
1,601,0.25,710002601,1010002601
1,602,0.25,710002602,1010002602
1,603,0.25,710002603,1010002603
1,604,0.25,710002604,1010002604
1,605,0.25,710002605,1010002605
1,606,0.25,710002606,1010002606
1,607,0.25,710002607,1010002607
1,608,0.25,710002608,1010002608
1,609,0.25,710002609,1010002609
1,610,0.25,710002610,1010002610
1,611,0.25,710002611,1010002611
1,612,0.25,710002612,1010002612
1,613,0.25,710002613,1010002613
1,614,0.25,710002614,1010002614
1,615,0.25,710002615,1010002615
1,616,0.25,710002616,1010002616
1,617,0.25,710002617,1010002617
1,618,0.25,710002618,1010002618
1,619,0.25,710002619,1010002619
1,620,0.25,710002620,1010002620
1,621,0.25,710002621,1010002621
1,622,0.25,710002622,1010002622
1,623,0.25,710002623,1010002623
1,624,0.25,710002624,1010002624
1,625,0.25,710002625,1010002625
1,626,0.25,710002626,1010002626
1,627,0.25,710002627,1010002627
1,628,0.25,710002628,1010002628
1,629,0.25,710002629,1010002629
1,630,0.25,710002630,1010002630
1,631,0.25,710002631,1010002631
1,632,0.25,710002632,1010002632
1,633,0.25,710002633,1010002633
1,634,0.25,710002634,1010002634
1,635,0.25,710002635,1010002635
1,636,0.25,710002636,1010002636
1,637,0.25,710002637,1010002637
1,638,0.25,710002638,1010002638
1,639,0.25,710002639,1010002639
1,640,0.25,710002640,1010002640
1,641,0.25,710002641,1010002641
1,642,0.25,710002642,1010002642
1,643,0.25,710002643,1010002643
1,644,0.25,710002644,1010002644
1,645,0.25,710002645,1010002645
1,646,0.25,710002646,1010002646
1,647,0.25,710002647,1010002647
1,648,0.25,710002648,1010002648
1,649,0.25,710002649,1010002649
1,650,0.25,710002650,1010002650
1,651,0.25,710002651,1010002651
1,652,0.25,710002652,1010002652
1,653,0.25,710002653,1010002653
1,654,0.25,710002654,1010002654
1,655,0.25,710002655,1010002655
1,656,0.25,710002656,1010002656
1,657,0.25,710002657,1010002657
1,658,0.25,710002658,1010002658
1,659,0.25,710002659,1010002659
1,660,0.25,710002660,1010002660
1,661,0.25,710002661,1010002661
1,662,0.25,710002662,1010002662
1,663,0.25,710002663,1010002663
1,664,0.25,710002664,1010002664
1,665,0.25,710002665,1010002665
1,666,0.25,710002666,1010002666
1,667,0.25,710002667,1010002667
1,668,0.25,710002668,1010002668
1,669,0.25,710002669,1010002669
1,670,0.25,710002670,1010002670
1,671,0.25,710002671,1010002671
1,672,0.25,710002672,1010002672
1,673,0.25,710002673,1010002673
1,674,0.25,710002674,1010002674
1,675,0.25,710002675,1010002675
1,676,0.25,710002676,1010002676
1,677,0.25,710002677,1010002677
1,678,0.25,710002678,1010002678
1,679,0.25,710002679,1010002679
1,680,0.25,710002680,1010002680
1,681,0.25,710002681,1010002681
1,682,0.25,710002682,1010002682
1,683,0.25,710002683,1010002683
1,684,0.25,710002684,1010002684
1,685,0.25,710002685,1010002685
1,686,0.25,710002686,1010002686
1,687,0.25,710002687,1010002687
1,688,0.25,710002688,1010002688
1,689,0.25,710002689,1010002689
1,690,0.25,710002690,1010002690
1,691,0.25,710002691,1010002691
1,692,0.25,710002692,1010002692
1,693,0.25,710002693,1010002693
1,694,0.25,710002694,1010002694
1,695,0.25,710002695,1010002695
1,696,0.25,710002696,1010002696
1,697,0.25,710002697,1010002697
1,698,0.25,710002698,1010002698
1,699,0.25,710002699,1010002699
1,700,0.25,710002700,1010002700
1,701,0.25,710002701,1010002701
1,702,0.25,710002702,1010002702
1,703,0.25,710002703,1010002703
1,704,0.25,710002704,1010002704
1,705,0.25,710002705,1010002705
1,706,0.25,710002706,1010002706
1,707,0.25,710002707,1010002707
1,708,0.25,710002708,1010002708
1,709,0.25,710002709,1010002709
1,710,0.25,710002710,1010002710
1,711,0.25,710002711,1010002711
1,712,0.25,710002712,1010002712
1,713,0.25,710002713,1010002713
1,714,0.25,710002714,1010002714
1,715,0.25,710002715,1010002715
1,716,0.25,710002716,1010002716
1,717,0.25,710002717,1010002717
1,718,0.25,710002718,1010002718
1,719,0.25,710002719,1010002719
1,720,0.25,710002720,1010002720
1,721,0.25,710002721,1010002721
1,722,0.25,710002722,1010002722
1,723,0.25,710002723,1010002723
1,724,0.25,710002724,1010002724
1,725,0.25,710002725,1010002725
1,726,0.25,710002726,1010002726
1,727,0.25,710002727,1010002727
1,728,0.25,710002728,1010002728
1,729,0.25,710002729,1010002729
1,730,0.25,710002730,1010002730
1,731,0.25,710002731,1010002731
1,732,0.25,710002732,1010002732
1,733,0.25,710002733,1010002733
1,734,0.25,710002734,1010002734
1,735,0.25,710002735,1010002735
1,736,0.25,710002736,1010002736
1,737,0.25,710002737,1010002737
1,738,0.25,710002738,1010002738
1,739,0.25,710002739,1010002739
1,740,0.25,710002740,1010002740
1,741,0.25,710002741,1010002741
1,742,0.25,710002742,1010002742
1,743,0.25,710002743,1010002743
1,744,0.25,710002744,1010002744
1,745,0.25,710002745,1010002745
1,746,0.25,710002746,1010002746
1,747,0.25,710002747,1010002747
1,748,0.25,710002748,1010002748
1,749,0.25,710002749,1010002749
1,750,0.25,710002750,1010002750
1,751,0.25,710002751,1010002751
1,752,0.25,710002752,1010002752
1,753,0.25,710002753,1010002753
1,754,0.25,710002754,1010002754
1,755,0.25,710002755,1010002755
1,756,0.25,710002756,1010002756
1,757,0.25,710002757,1010002757
1,758,0.25,710002758,1010002758
1,759,0.25,710002759,1010002759
1,760,0.25,710002760,1010002760
1,761,0.25,710002761,1010002761
1,762,0.25,710002762,1010002762
1,763,0.25,710002763,1010002763
1,764,0.25,710002764,1010002764
1,765,0.25,710002765,1010002765
1,766,0.25,710002766,1010002766
1,767,0.25,710002767,1010002767
1,768,0.25,710002768,1010002768
1,769,0.25,710002769,1010002769
1,770,0.25,710002770,1010002770
1,771,0.25,710002771,1010002771
1,772,0.25,710002772,1010002772
1,773,0.25,710002773,1010002773
1,774,0.25,710002774,1010002774
1,775,0.25,710002775,1010002775
1,776,0.25,710002776,1010002776
1,777,0.25,710002777,1010002777
1,778,0.25,710002778,1010002778
1,779,0.25,710002779,1010002779
1,780,0.25,710002780,1010002780
1,781,0.25,710002781,1010002781
1,782,0.25,710002782,1010002782
1,783,0.25,710002783,1010002783
1,784,0.25,710002784,1010002784
1,785,0.25,710002785,1010002785
1,786,0.25,710002786,1010002786
1,787,0.25,710002787,1010002787
1,788,0.25,710002788,1010002788
1,789,0.25,710002789,1010002789
1,790,0.25,710002790,1010002790
1,791,0.25,710002791,1010002791
1,792,0.25,710002792,1010002792
1,793,0.25,710002793,1010002793
1,794,0.25,710002794,1010002794
1,795,0.25,710002795,1010002795
1,796,0.25,710002796,1010002796
1,797,0.25,710002797,1010002797
1,798,0.25,710002798,1010002798
1,799,0.25,710002799,1010002799
1,800,0.25,710002800,1010002800
1,801,0.25,710002801,1010002801
1,802,0.25,710002802,1010002802
1,803,0.25,710002803,1010002803
1,804,0.25,710002804,1010002804
1,805,0.25,710002805,1010002805
1,806,0.25,710002806,1010002806
1,807,0.25,710002807,1010002807
1,808,0.25,710002808,1010002808
1,809,0.25,710002809,1010002809
1,810,0.25,710002810,1010002810
1,811,0.25,710002811,1010002811
1,812,0.25,710002812,1010002812
1,813,0.25,710002813,1010002813
1,814,0.25,710002814,1010002814
1,815,0.25,710002815,1010002815
1,816,0.25,710002816,1010002816
1,817,0.25,710002817,1010002817
1,818,0.25,710002818,1010002818
1,819,0.25,710002819,1010002819
1,820,0.25,710002820,1010002820
1,821,0.25,710002821,1010002821
1,822,0.25,710002822,1010002822
1,823,0.25,710002823,1010002823
1,824,0.25,710002824,1010002824
1,825,0.25,710002825,1010002825
1,826,0.25,710002826,1010002826
1,827,0.25,710002827,1010002827
1,828,0.25,710002828,1010002828
1,829,0.25,710002829,1010002829
1,830,0.25,710002830,1010002830
1,831,0.25,710002831,1010002831
1,832,0.25,710002832,1010002832
1,833,0.25,710002833,1010002833
1,834,0.25,710002834,1010002834
1,835,0.25,710002835,1010002835
1,836,0.25,710002836,1010002836
1,837,0.25,710002837,1010002837
1,838,0.25,710002838,1010002838
1,839,0.25,710002839,1010002839
1,840,0.25,710002840,1010002840
1,841,0.25,710002841,1010002841
1,842,0.25,710002842,1010002842
1,843,0.25,710002843,1010002843
1,844,0.25,710002844,1010002844
1,845,0.25,710002845,1010002845
1,846,0.25,710002846,1010002846
1,847,0.25,710002847,1010002847
1,848,0.25,710002848,1010002848
1,849,0.25,710002849,1010002849
1,850,0.25,710002850,1010002850
1,851,0.25,710002851,1010002851
1,852,0.25,710002852,1010002852
1,853,0.25,710002853,1010002853
1,854,0.25,710002854,1010002854
1,855,0.25,710002855,1010002855
1,856,0.25,710002856,1010002856
1,857,0.25,710002857,1010002857
1,858,0.25,710002858,1010002858
1,859,0.25,710002859,1010002859
1,860,0.25,710002860,1010002860
1,861,0.25,710002861,1010002861
1,862,0.25,710002862,1010002862
1,863,0.25,710002863,1010002863
1,864,0.25,710002864,1010002864
1,865,0.25,710002865,1010002865
1,866,0.25,710002866,1010002866
1,867,0.25,710002867,1010002867
1,868,0.25,710002868,1010002868
1,869,0.25,710002869,1010002869
1,870,0.25,710002870,1010002870
1,871,0.25,710002871,1010002871
1,872,0.25,710002872,1010002872
1,873,0.25,710002873,1010002873
1,874,0.25,710002874,1010002874
1,875,0.25,710002875,1010002875
1,876,0.25,710002876,1010002876
1,877,0.25,710002877,1010002877
1,878,0.25,710002878,1010002878
1,879,0.25,710002879,1010002879
1,880,0.25,710002880,1010002880
1,881,0.25,710002881,1010002881
1,882,0.25,710002882,1010002882
1,883,0.25,710002883,1010002883
1,884,0.25,710002884,1010002884
1,885,0.25,710002885,1010002885
1,886,0.25,710002886,1010002886
1,887,0.25,710002887,1010002887
1,888,0.25,710002888,1010002888
1,889,0.25,710002889,1010002889
1,890,0.25,710002890,1010002890
1,891,0.25,710002891,1010002891
1,892,0.25,710002892,1010002892
1,893,0.25,710002893,1010002893
1,894,0.25,710002894,1010002894
1,895,0.25,710002895,1010002895
1,896,0.25,710002896,1010002896
1,897,0.25,710002897,1010002897
1,898,0.25,710002898,1010002898
1,899,0.25,710002899,1010002899
1,900,0.25,710002900,1010002900
1,901,0.25,710002901,1010002901
1,902,0.25,710002902,1010002902
1,903,0.25,710002903,1010002903
1,904,0.25,710002904,1010002904
1,905,0.25,710002905,1010002905
1,906,0.25,710002906,1010002906
1,907,0.25,710002907,1010002907
1,908,0.25,710002908,1010002908
1,909,0.25,710002909,1010002909
1,910,0.25,710002910,1010002910
1,911,0.25,710002911,1010002911
1,912,0.25,710002912,1010002912
1,913,0.25,710002913,1010002913
1,914,0.25,710002914,1010002914
1,915,0.25,710002915,1010002915
1,916,0.25,710002916,1010002916
1,917,0.25,710002917,1010002917
1,918,0.25,710002918,1010002918
1,919,0.25,710002919,1010002919
1,920,0.25,710002920,1010002920
1,921,0.25,710002921,1010002921
1,922,0.25,710002922,1010002922
1,923,0.25,710002923,1010002923
1,924,0.25,710002924,1010002924
1,925,0.25,710002925,1010002925
1,926,0.25,710002926,1010002926
1,927,0.25,710002927,1010002927
1,928,0.25,710002928,1010002928
1,929,0.25,710002929,1010002929
1,930,0.25,710002930,1010002930
1,931,0.25,710002931,1010002931
1,932,0.25,710002932,1010002932
1,933,0.25,710002933,1010002933
1,934,0.25,710002934,1010002934
1,935,0.25,710002935,1010002935
1,936,0.25,710002936,1010002936
1,937,0.25,710002937,1010002937
1,938,0.25,710002938,1010002938
1,939,0.25,710002939,1010002939
1,940,0.25,710002940,1010002940
1,941,0.25,710002941,1010002941
1,942,0.25,710002942,1010002942
1,943,0.25,710002943,1010002943
1,944,0.25,710002944,1010002944
1,945,0.25,710002945,1010002945
1,946,0.25,710002946,1010002946
1,947,0.25,710002947,1010002947
1,948,0.25,710002948,1010002948
1,949,0.25,710002949,1010002949
1,950,0.25,710002950,1010002950
1,951,0.25,710002951,1010002951
1,952,0.25,710002952,1010002952
1,953,0.25,710002953,1010002953
1,954,0.25,710002954,1010002954
1,955,0.25,710002955,1010002955
1,956,0.25,710002956,1010002956
1,957,0.25,710002957,1010002957
1,958,0.25,710002958,1010002958
1,959,0.25,710002959,1010002959
1,960,0.25,710002960,1010002960
1,961,0.25,710002961,1010002961
1,962,0.25,710002962,1010002962
1,963,0.25,710002963,1010002963
1,964,0.25,710002964,1010002964
1,965,0.25,710002965,1010002965
1,966,0.25,710002966,1010002966
1,967,0.25,710002967,1010002967
1,968,0.25,710002968,1010002968
1,969,0.25,710002969,1010002969
1,970,0.25,710002970,1010002970
1,971,0.25,710002971,1010002971
1,972,0.25,710002972,1010002972
1,973,0.25,710002973,1010002973
1,974,0.25,710002974,1010002974
1,975,0.25,710002975,1010002975
1,976,0.25,710002976,1010002976
1,977,0.25,710002977,1010002977
1,978,0.25,710002978,1010002978
1,979,0.25,710002979,1010002979
1,980,0.25,710002980,1010002980
1,981,0.25,710002981,1010002981
1,982,0.25,710002982,1010002982
1,983,0.25,710002983,1010002983
1,984,0.25,710002984,1010002984
1,985,0.25,710002985,1010002985
1,986,0.25,710002986,1010002986
1,987,0.25,710002987,1010002987
1,988,0.25,710002988,1010002988
1,989,0.25,710002989,1010002989
1,990,0.25,710002990,1010002990
1,991,0.25,710002991,1010002991
1,992,0.25,710002992,1010002992
1,993,0.25,710002993,1010002993
1,994,0.25,710002994,1010002994
1,995,0.25,710002995,1010002995
1,996,0.25,710002996,1010002996
1,997,0.25,710002997,1010002997
1,998,0.25,710002998,1010002998
1,999,0.25,710002999,1010002999
1,1000,0.25,710003000,1010003000
2,1,4,710004001,1010004001
2,2,4,710004002,1010004002
2,3,4,710004003,1010004003
2,4,4,710004004,1010004004
2,5,4,710004005,1010004005
2,6,4,710004006,1010004006
2,7,4,710004007,1010004007
2,8,4,710004008,1010004008
2,9,4,710004009,1010004009
2,10,4,710004010,1010004010
2,11,4,710004011,1010004011
2,12,4,710004012,1010004012
2,13,4,710004013,1010004013
2,14,4,710004014,1010004014
2,15,4,710004015,1010004015
2,16,4,710004016,1010004016
2,17,4,710004017,1010004017
2,18,4,710004018,1010004018
2,19,4,710004019,1010004019
2,20,4,710004020,1010004020
2,21,4,710004021,1010004021
2,22,4,710004022,1010004022
2,23,4,710004023,1010004023
2,24,4,710004024,1010004024
2,25,4,710004025,1010004025
2,26,4,710004026,1010004026
2,27,4,710004027,1010004027
2,28,4,710004028,1010004028
2,29,4,710004029,1010004029
2,30,4,710004030,1010004030
2,31,4,710004031,1010004031
2,32,4,710004032,1010004032
2,33,4,710004033,1010004033
2,34,4,710004034,1010004034
2,35,4,710004035,1010004035
2,36,4,710004036,1010004036
2,37,4,710004037,1010004037
2,38,4,710004038,1010004038
2,39,4,710004039,1010004039
2,40,4,710004040,1010004040
2,41,4,710004041,1010004041
2,42,4,710004042,1010004042
2,43,4,710004043,1010004043
2,44,4,710004044,1010004044
2,45,4,710004045,1010004045
2,46,4,710004046,1010004046
2,47,4,710004047,1010004047
2,48,4,710004048,1010004048
2,49,4,710004049,1010004049
2,50,4,710004050,1010004050
2,51,4,710004051,1010004051
2,52,4,710004052,1010004052
2,53,4,710004053,1010004053
2,54,4,710004054,1010004054
2,55,4,710004055,1010004055
2,56,4,710004056,1010004056
2,57,4,710004057,1010004057
2,58,4,710004058,1010004058
2,59,4,710004059,1010004059
2,60,4,710004060,1010004060
2,61,4,710004061,1010004061
2,62,4,710004062,1010004062
2,63,4,710004063,1010004063
2,64,4,710004064,1010004064
2,65,4,710004065,1010004065
2,66,4,710004066,1010004066
2,67,4,710004067,1010004067
2,68,4,710004068,1010004068
2,69,4,710004069,1010004069
2,70,4,710004070,1010004070
2,71,4,710004071,1010004071
2,72,4,710004072,1010004072
2,73,4,710004073,1010004073
2,74,4,710004074,1010004074
2,75,4,710004075,1010004075
2,76,4,710004076,1010004076
2,77,4,710004077,1010004077
2,78,4,710004078,1010004078
2,79,4,710004079,1010004079
2,80,4,710004080,1010004080
2,81,4,710004081,1010004081
2,82,4,710004082,1010004082
2,83,4,710004083,1010004083
2,84,4,710004084,1010004084
2,85,4,710004085,1010004085
2,86,4,710004086,1010004086
2,87,4,710004087,1010004087
2,88,4,710004088,1010004088
2,89,4,710004089,1010004089
2,90,4,710004090,1010004090
2,91,4,710004091,1010004091
2,92,4,710004092,1010004092
2,93,4,710004093,1010004093
2,94,4,710004094,1010004094
2,95,4,710004095,1010004095
2,96,4,710004096,1010004096
2,97,4,710004097,1010004097
2,98,4,710004098,1010004098
2,99,4,710004099,1010004099
2,100,4,710004100,1010004100
2,101,4,710004101,1010004101
2,102,4,710004102,1010004102
2,103,4,710004103,1010004103
2,104,4,710004104,1010004104
2,105,4,710004105,1010004105
2,106,4,710004106,1010004106
2,107,4,710004107,1010004107
2,108,4,710004108,1010004108
2,109,4,710004109,1010004109
2,110,4,710004110,1010004110
2,111,4,710004111,1010004111
2,112,4,710004112,1010004112
2,113,4,710004113,1010004113
2,114,4,710004114,1010004114
2,115,4,710004115,1010004115
2,116,4,710004116,1010004116
2,117,4,710004117,1010004117
2,118,4,710004118,1010004118
2,119,4,710004119,1010004119
2,120,4,710004120,1010004120
2,121,4,710004121,1010004121
2,122,4,710004122,1010004122
2,123,4,710004123,1010004123
2,124,4,710004124,1010004124
2,125,4,710004125,1010004125
2,126,4,710004126,1010004126
2,127,4,710004127,1010004127
2,128,4,710004128,1010004128
2,129,4,710004129,1010004129
2,130,4,710004130,1010004130
2,131,4,710004131,1010004131
2,132,4,710004132,1010004132
2,133,4,710004133,1010004133
2,134,4,710004134,1010004134
2,135,4,710004135,1010004135
2,136,4,710004136,1010004136
2,137,4,710004137,1010004137
2,138,4,710004138,1010004138
2,139,4,710004139,1010004139
2,140,4,710004140,1010004140
2,141,4,710004141,1010004141
2,142,4,710004142,1010004142
2,143,4,710004143,1010004143
2,144,4,710004144,1010004144
2,145,4,710004145,1010004145
2,146,4,710004146,1010004146
2,147,4,710004147,1010004147
2,148,4,710004148,1010004148
2,149,4,710004149,1010004149
2,150,4,710004150,1010004150
2,151,4,710004151,1010004151
2,152,4,710004152,1010004152
2,153,4,710004153,1010004153
2,154,4,710004154,1010004154
2,155,4,710004155,1010004155
2,156,4,710004156,1010004156
2,157,4,710004157,1010004157
2,158,4,710004158,1010004158
2,159,4,710004159,1010004159
2,160,4,710004160,1010004160
2,161,4,710004161,1010004161
2,162,4,710004162,1010004162
2,163,4,710004163,1010004163
2,164,4,710004164,1010004164
2,165,4,710004165,1010004165
2,166,4,710004166,1010004166
2,167,4,710004167,1010004167
2,168,4,710004168,1010004168
2,169,4,710004169,1010004169
2,170,4,710004170,1010004170
2,171,4,710004171,1010004171
2,172,4,710004172,1010004172
2,173,4,710004173,1010004173
2,174,4,710004174,1010004174
2,175,4,710004175,1010004175
2,176,4,710004176,1010004176
2,177,4,710004177,1010004177
2,178,4,710004178,1010004178
2,179,4,710004179,1010004179
2,180,4,710004180,1010004180
2,181,4,710004181,1010004181
2,182,4,710004182,1010004182
2,183,4,710004183,1010004183
2,184,4,710004184,1010004184
2,185,4,710004185,1010004185
2,186,4,710004186,1010004186
2,187,4,710004187,1010004187
2,188,4,710004188,1010004188
2,189,4,710004189,1010004189
2,190,4,710004190,1010004190
2,191,4,710004191,1010004191
2,192,4,710004192,1010004192
2,193,4,710004193,1010004193
2,194,4,710004194,1010004194
2,195,4,710004195,1010004195
2,196,4,710004196,1010004196
2,197,4,710004197,1010004197
2,198,4,710004198,1010004198
2,199,4,710004199,1010004199
2,200,4,710004200,1010004200
2,201,4,710004201,1010004201
2,202,4,710004202,1010004202
2,203,4,710004203,1010004203
2,204,4,710004204,1010004204
2,205,4,710004205,1010004205
2,206,4,710004206,1010004206
2,207,4,710004207,1010004207
2,208,4,710004208,1010004208
2,209,4,710004209,1010004209
2,210,4,710004210,1010004210
2,211,4,710004211,1010004211
2,212,4,710004212,1010004212
2,213,4,710004213,1010004213
2,214,4,710004214,1010004214
2,215,4,710004215,1010004215
2,216,4,710004216,1010004216
2,217,4,710004217,1010004217
2,218,4,710004218,1010004218
2,219,4,710004219,1010004219
2,220,4,710004220,1010004220
2,221,4,710004221,1010004221
2,222,4,710004222,1010004222
2,223,4,710004223,1010004223
2,224,4,710004224,1010004224
2,225,4,710004225,1010004225
2,226,4,710004226,1010004226
2,227,4,710004227,1010004227
2,228,4,710004228,1010004228
2,229,4,710004229,1010004229
2,230,4,710004230,1010004230
2,231,4,710004231,1010004231
2,232,4,710004232,1010004232
2,233,4,710004233,1010004233
2,234,4,710004234,1010004234
2,235,4,710004235,1010004235
2,236,4,710004236,1010004236
2,237,4,710004237,1010004237
2,238,4,710004238,1010004238
2,239,4,710004239,1010004239
2,240,4,710004240,1010004240
2,241,4,710004241,1010004241
2,242,4,710004242,1010004242
2,243,4,710004243,1010004243
2,244,4,710004244,1010004244
2,245,4,710004245,1010004245
2,246,4,710004246,1010004246
2,247,4,710004247,1010004247
2,248,4,710004248,1010004248
2,249,4,710004249,1010004249
2,250,4,710004250,1010004250
2,251,4,710004251,1010004251
2,252,4,710004252,1010004252
2,253,4,710004253,1010004253
2,254,4,710004254,1010004254
2,255,4,710004255,1010004255
2,256,4,710004256,1010004256
2,257,4,710004257,1010004257
2,258,4,710004258,1010004258
2,259,4,710004259,1010004259
2,260,4,710004260,1010004260
2,261,4,710004261,1010004261
2,262,4,710004262,1010004262
2,263,4,710004263,1010004263
2,264,4,710004264,1010004264
2,265,4,710004265,1010004265
2,266,4,710004266,1010004266
2,267,4,710004267,1010004267
2,268,4,710004268,1010004268
2,269,4,710004269,1010004269
2,270,4,710004270,1010004270
2,271,4,710004271,1010004271
2,272,4,710004272,1010004272
2,273,4,710004273,1010004273
2,274,4,710004274,1010004274
2,275,4,710004275,1010004275
2,276,4,710004276,1010004276
2,277,4,710004277,1010004277
2,278,4,710004278,1010004278
2,279,4,710004279,1010004279
2,280,4,710004280,1010004280
2,281,4,710004281,1010004281
2,282,4,710004282,1010004282
2,283,4,710004283,1010004283
2,284,4,710004284,1010004284
2,285,4,710004285,1010004285
2,286,4,710004286,1010004286
2,287,4,710004287,1010004287
2,288,4,710004288,1010004288
2,289,4,710004289,1010004289
2,290,4,710004290,1010004290
2,291,4,710004291,1010004291
2,292,4,710004292,1010004292
2,293,4,710004293,1010004293
2,294,4,710004294,1010004294
2,295,4,710004295,1010004295
2,296,4,710004296,1010004296
2,297,4,710004297,1010004297
2,298,4,710004298,1010004298
2,299,4,710004299,1010004299
2,300,4,710004300,1010004300
2,301,4,710004301,1010004301
2,302,4,710004302,1010004302
2,303,4,710004303,1010004303
2,304,4,710004304,1010004304
2,305,4,710004305,1010004305
2,306,4,710004306,1010004306
2,307,4,710004307,1010004307
2,308,4,710004308,1010004308
2,309,4,710004309,1010004309
2,310,4,710004310,1010004310
2,311,4,710004311,1010004311
2,312,4,710004312,1010004312
2,313,4,710004313,1010004313
2,314,4,710004314,1010004314
2,315,4,710004315,1010004315
2,316,4,710004316,1010004316
2,317,4,710004317,1010004317
2,318,4,710004318,1010004318
2,319,4,710004319,1010004319
2,320,4,710004320,1010004320
2,321,4,710004321,1010004321
2,322,4,710004322,1010004322
2,323,4,710004323,1010004323
2,324,4,710004324,1010004324
2,325,4,710004325,1010004325
2,326,4,710004326,1010004326
2,327,4,710004327,1010004327
2,328,4,710004328,1010004328
2,329,4,710004329,1010004329
2,330,4,710004330,1010004330
2,331,4,710004331,1010004331
2,332,4,710004332,1010004332
2,333,4,710004333,1010004333
2,334,4,710004334,1010004334
2,335,4,710004335,1010004335
2,336,4,710004336,1010004336
2,337,4,710004337,1010004337
2,338,4,710004338,1010004338
2,339,4,710004339,1010004339
2,340,4,710004340,1010004340
2,341,4,710004341,1010004341
2,342,4,710004342,1010004342
2,343,4,710004343,1010004343
2,344,4,710004344,1010004344
2,345,4,710004345,1010004345
2,346,4,710004346,1010004346
2,347,4,710004347,1010004347
2,348,4,710004348,1010004348
2,349,4,710004349,1010004349
2,350,4,710004350,1010004350
2,351,4,710004351,1010004351
2,352,4,710004352,1010004352
2,353,4,710004353,1010004353
2,354,4,710004354,1010004354
2,355,4,710004355,1010004355
2,356,4,710004356,1010004356
2,357,4,710004357,1010004357
2,358,4,710004358,1010004358
2,359,4,710004359,1010004359
2,360,4,710004360,1010004360
2,361,4,710004361,1010004361
2,362,4,710004362,1010004362
2,363,4,710004363,1010004363
2,364,4,710004364,1010004364
2,365,4,710004365,1010004365
2,366,4,710004366,1010004366
2,367,4,710004367,1010004367
2,368,4,710004368,1010004368
2,369,4,710004369,1010004369
2,370,4,710004370,1010004370
2,371,4,710004371,1010004371
2,372,4,710004372,1010004372
2,373,4,710004373,1010004373
2,374,4,710004374,1010004374
2,375,4,710004375,1010004375
2,376,4,710004376,1010004376
2,377,4,710004377,1010004377
2,378,4,710004378,1010004378
2,379,4,710004379,1010004379
2,380,4,710004380,1010004380
2,381,4,710004381,1010004381
2,382,4,710004382,1010004382
2,383,4,710004383,1010004383
2,384,4,710004384,1010004384
2,385,4,710004385,1010004385
2,386,4,710004386,1010004386
2,387,4,710004387,1010004387
2,388,4,710004388,1010004388
2,389,4,710004389,1010004389
2,390,4,710004390,1010004390
2,391,4,710004391,1010004391
2,392,4,710004392,1010004392
2,393,4,710004393,1010004393
2,394,4,710004394,1010004394
2,395,4,710004395,1010004395
2,396,4,710004396,1010004396
2,397,4,710004397,1010004397
2,398,4,710004398,1010004398
2,399,4,710004399,1010004399
2,400,4,710004400,1010004400
2,401,4,710004401,1010004401
2,402,4,710004402,1010004402
2,403,4,710004403,1010004403
2,404,4,710004404,1010004404
2,405,4,710004405,1010004405
2,406,4,710004406,1010004406
2,407,4,710004407,1010004407
2,408,4,710004408,1010004408
2,409,4,710004409,1010004409
2,410,4,710004410,1010004410
2,411,4,710004411,1010004411
2,412,4,710004412,1010004412
2,413,4,710004413,1010004413
2,414,4,710004414,1010004414
2,415,4,710004415,1010004415
2,416,4,710004416,1010004416
2,417,4,710004417,1010004417
2,418,4,710004418,1010004418
2,419,4,710004419,1010004419
2,420,4,710004420,1010004420
2,421,4,710004421,1010004421
2,422,4,710004422,1010004422
2,423,4,710004423,1010004423
2,424,4,710004424,1010004424
2,425,4,710004425,1010004425
2,426,4,710004426,1010004426
2,427,4,710004427,1010004427
2,428,4,710004428,1010004428
2,429,4,710004429,1010004429
2,430,4,710004430,1010004430
2,431,4,710004431,1010004431
2,432,4,710004432,1010004432
2,433,4,710004433,1010004433
2,434,4,710004434,1010004434
2,435,4,710004435,1010004435
2,436,4,710004436,1010004436
2,437,4,710004437,1010004437
2,438,4,710004438,1010004438
2,439,4,710004439,1010004439
2,440,4,710004440,1010004440
2,441,4,710004441,1010004441
2,442,4,710004442,1010004442
2,443,4,710004443,1010004443
2,444,4,710004444,1010004444
2,445,4,710004445,1010004445
2,446,4,710004446,1010004446
2,447,4,710004447,1010004447
2,448,4,710004448,1010004448
2,449,4,710004449,1010004449
2,450,4,710004450,1010004450
2,451,4,710004451,1010004451
2,452,4,710004452,1010004452
2,453,4,710004453,1010004453
2,454,4,710004454,1010004454
2,455,4,710004455,1010004455
2,456,4,710004456,1010004456
2,457,4,710004457,1010004457
2,458,4,710004458,1010004458
2,459,4,710004459,1010004459
2,460,4,710004460,1010004460
2,461,4,710004461,1010004461
2,462,4,710004462,1010004462
2,463,4,710004463,1010004463
2,464,4,710004464,1010004464
2,465,4,710004465,1010004465
2,466,4,710004466,1010004466
2,467,4,710004467,1010004467
2,468,4,710004468,1010004468
2,469,4,710004469,1010004469
2,470,4,710004470,1010004470
2,471,4,710004471,1010004471
2,472,4,710004472,1010004472
2,473,4,710004473,1010004473
2,474,4,710004474,1010004474
2,475,4,710004475,1010004475
2,476,4,710004476,1010004476
2,477,4,710004477,1010004477
2,478,4,710004478,1010004478
2,479,4,710004479,1010004479
2,480,4,710004480,1010004480
2,481,4,710004481,1010004481
2,482,4,710004482,1010004482
2,483,4,710004483,1010004483
2,484,4,710004484,1010004484
2,485,4,710004485,1010004485
2,486,4,710004486,1010004486
2,487,4,710004487,1010004487
2,488,4,710004488,1010004488
2,489,4,710004489,1010004489
2,490,4,710004490,1010004490
2,491,4,710004491,1010004491
2,492,4,710004492,1010004492
2,493,4,710004493,1010004493
2,494,4,710004494,1010004494
2,495,4,710004495,1010004495
2,496,4,710004496,1010004496
2,497,4,710004497,1010004497
2,498,4,710004498,1010004498
2,499,4,710004499,1010004499
2,500,4,710004500,1010004500
2,501,4,710004501,1010004501
2,502,4,710004502,1010004502
2,503,4,710004503,1010004503
2,504,4,710004504,1010004504
2,505,4,710004505,1010004505
2,506,4,710004506,1010004506
2,507,4,710004507,1010004507
2,508,4,710004508,1010004508
2,509,4,710004509,1010004509
2,510,4,710004510,1010004510
2,511,4,710004511,1010004511
2,512,4,710004512,1010004512
2,513,4,710004513,1010004513
2,514,4,710004514,1010004514
2,515,4,710004515,1010004515
2,516,4,710004516,1010004516
2,517,4,710004517,1010004517
2,518,4,710004518,1010004518
2,519,4,710004519,1010004519
2,520,4,710004520,1010004520
2,521,4,710004521,1010004521
2,522,4,710004522,1010004522
2,523,4,710004523,1010004523
2,524,4,710004524,1010004524
2,525,4,710004525,1010004525
2,526,4,710004526,1010004526
2,527,4,710004527,1010004527
2,528,4,710004528,1010004528
2,529,4,710004529,1010004529
2,530,4,710004530,1010004530
2,531,4,710004531,1010004531
2,532,4,710004532,1010004532
2,533,4,710004533,1010004533
2,534,4,710004534,1010004534
2,535,4,710004535,1010004535
2,536,4,710004536,1010004536
2,537,4,710004537,1010004537
2,538,4,710004538,1010004538
2,539,4,710004539,1010004539
2,540,4,710004540,1010004540
2,541,4,710004541,1010004541
2,542,4,710004542,1010004542
2,543,4,710004543,1010004543
2,544,4,710004544,1010004544
2,545,4,710004545,1010004545
2,546,4,710004546,1010004546
2,547,4,710004547,1010004547
2,548,4,710004548,1010004548
2,549,4,710004549,1010004549
2,550,4,710004550,1010004550
2,551,4,710004551,1010004551
2,552,4,710004552,1010004552
2,553,4,710004553,1010004553
2,554,4,710004554,1010004554
2,555,4,710004555,1010004555
2,556,4,710004556,1010004556
2,557,4,710004557,1010004557
2,558,4,710004558,1010004558
2,559,4,710004559,1010004559
2,560,4,710004560,1010004560
2,561,4,710004561,1010004561
2,562,4,710004562,1010004562
2,563,4,710004563,1010004563
2,564,4,710004564,1010004564
2,565,4,710004565,1010004565
2,566,4,710004566,1010004566
2,567,4,710004567,1010004567
2,568,4,710004568,1010004568
2,569,4,710004569,1010004569
2,570,4,710004570,1010004570
2,571,4,710004571,1010004571
2,572,4,710004572,1010004572
2,573,4,710004573,1010004573
2,574,4,710004574,1010004574
2,575,4,710004575,1010004575
2,576,4,710004576,1010004576
2,577,4,710004577,1010004577
2,578,4,710004578,1010004578
2,579,4,710004579,1010004579
2,580,4,710004580,1010004580
2,581,4,710004581,1010004581
2,582,4,710004582,1010004582
2,583,4,710004583,1010004583
2,584,4,710004584,1010004584
2,585,4,710004585,1010004585
2,586,4,710004586,1010004586
2,587,4,710004587,1010004587
2,588,4,710004588,1010004588
2,589,4,710004589,1010004589
2,590,4,710004590,1010004590
2,591,4,710004591,1010004591
2,592,4,710004592,1010004592
2,593,4,710004593,1010004593
2,594,4,710004594,1010004594
2,595,4,710004595,1010004595
2,596,4,710004596,1010004596
2,597,4,710004597,1010004597
2,598,4,710004598,1010004598
2,599,4,710004599,1010004599
2,600,4,710004600,1010004600
2,601,4,710004601,1010004601
2,602,4,710004602,1010004602
2,603,4,710004603,1010004603
2,604,4,710004604,1010004604
2,605,4,710004605,1010004605
2,606,4,710004606,1010004606
2,607,4,710004607,1010004607
2,608,4,710004608,1010004608
2,609,4,710004609,1010004609
2,610,4,710004610,1010004610
2,611,4,710004611,1010004611
2,612,4,710004612,1010004612
2,613,4,710004613,1010004613
2,614,4,710004614,1010004614
2,615,4,710004615,1010004615
2,616,4,710004616,1010004616
2,617,4,710004617,1010004617
2,618,4,710004618,1010004618
2,619,4,710004619,1010004619
2,620,4,710004620,1010004620
2,621,4,710004621,1010004621
2,622,4,710004622,1010004622
2,623,4,710004623,1010004623
2,624,4,710004624,1010004624
2,625,4,710004625,1010004625
2,626,4,710004626,1010004626
2,627,4,710004627,1010004627
2,628,4,710004628,1010004628
2,629,4,710004629,1010004629
2,630,4,710004630,1010004630
2,631,4,710004631,1010004631
2,632,4,710004632,1010004632
2,633,4,710004633,1010004633
2,634,4,710004634,1010004634
2,635,4,710004635,1010004635
2,636,4,710004636,1010004636
2,637,4,710004637,1010004637
2,638,4,710004638,1010004638
2,639,4,710004639,1010004639
2,640,4,710004640,1010004640
2,641,4,710004641,1010004641
2,642,4,710004642,1010004642
2,643,4,710004643,1010004643
2,644,4,710004644,1010004644
2,645,4,710004645,1010004645
2,646,4,710004646,1010004646
2,647,4,710004647,1010004647
2,648,4,710004648,1010004648
2,649,4,710004649,1010004649
2,650,4,710004650,1010004650
2,651,4,710004651,1010004651
2,652,4,710004652,1010004652
2,653,4,710004653,1010004653
2,654,4,710004654,1010004654
2,655,4,710004655,1010004655
2,656,4,710004656,1010004656
2,657,4,710004657,1010004657
2,658,4,710004658,1010004658
2,659,4,710004659,1010004659
2,660,4,710004660,1010004660
2,661,4,710004661,1010004661
2,662,4,710004662,1010004662
2,663,4,710004663,1010004663
2,664,4,710004664,1010004664
2,665,4,710004665,1010004665
2,666,4,710004666,1010004666
2,667,4,710004667,1010004667
2,668,4,710004668,1010004668
2,669,4,710004669,1010004669
2,670,4,710004670,1010004670
2,671,4,710004671,1010004671
2,672,4,710004672,1010004672
2,673,4,710004673,1010004673
2,674,4,710004674,1010004674
2,675,4,710004675,1010004675
2,676,4,710004676,1010004676
2,677,4,710004677,1010004677
2,678,4,710004678,1010004678
2,679,4,710004679,1010004679
2,680,4,710004680,1010004680
2,681,4,710004681,1010004681
2,682,4,710004682,1010004682
2,683,4,710004683,1010004683
2,684,4,710004684,1010004684
2,685,4,710004685,1010004685
2,686,4,710004686,1010004686
2,687,4,710004687,1010004687
2,688,4,710004688,1010004688
2,689,4,710004689,1010004689
2,690,4,710004690,1010004690
2,691,4,710004691,1010004691
2,692,4,710004692,1010004692
2,693,4,710004693,1010004693
2,694,4,710004694,1010004694
2,695,4,710004695,1010004695
2,696,4,710004696,1010004696
2,697,4,710004697,1010004697
2,698,4,710004698,1010004698
2,699,4,710004699,1010004699
2,700,4,710004700,1010004700
2,701,4,710004701,1010004701
2,702,4,710004702,1010004702
2,703,4,710004703,1010004703
2,704,4,710004704,1010004704
2,705,4,710004705,1010004705
2,706,4,710004706,1010004706
2,707,4,710004707,1010004707
2,708,4,710004708,1010004708
2,709,4,710004709,1010004709
2,710,4,710004710,1010004710
2,711,4,710004711,1010004711
2,712,4,710004712,1010004712
2,713,4,710004713,1010004713
2,714,4,710004714,1010004714
2,715,4,710004715,1010004715
2,716,4,710004716,1010004716
2,717,4,710004717,1010004717
2,718,4,710004718,1010004718
2,719,4,710004719,1010004719
2,720,4,710004720,1010004720
2,721,4,710004721,1010004721
2,722,4,710004722,1010004722
2,723,4,710004723,1010004723
2,724,4,710004724,1010004724
2,725,4,710004725,1010004725
2,726,4,710004726,1010004726
2,727,4,710004727,1010004727
2,728,4,710004728,1010004728
2,729,4,710004729,1010004729
2,730,4,710004730,1010004730
2,731,4,710004731,1010004731
2,732,4,710004732,1010004732
2,733,4,710004733,1010004733
2,734,4,710004734,1010004734
2,735,4,710004735,1010004735
2,736,4,710004736,1010004736
2,737,4,710004737,1010004737
2,738,4,710004738,1010004738
2,739,4,710004739,1010004739
2,740,4,710004740,1010004740
2,741,4,710004741,1010004741
2,742,4,710004742,1010004742
2,743,4,710004743,1010004743
2,744,4,710004744,1010004744
2,745,4,710004745,1010004745
2,746,4,710004746,1010004746
2,747,4,710004747,1010004747
2,748,4,710004748,1010004748
2,749,4,710004749,1010004749
2,750,4,710004750,1010004750
2,751,4,710004751,1010004751
2,752,4,710004752,1010004752
2,753,4,710004753,1010004753
2,754,4,710004754,1010004754
2,755,4,710004755,1010004755
2,756,4,710004756,1010004756
2,757,4,710004757,1010004757
2,758,4,710004758,1010004758
2,759,4,710004759,1010004759
2,760,4,710004760,1010004760
2,761,4,710004761,1010004761
2,762,4,710004762,1010004762
2,763,4,710004763,1010004763
2,764,4,710004764,1010004764
2,765,4,710004765,1010004765
2,766,4,710004766,1010004766
2,767,4,710004767,1010004767
2,768,4,710004768,1010004768
2,769,4,710004769,1010004769
2,770,4,710004770,1010004770
2,771,4,710004771,1010004771
2,772,4,710004772,1010004772
2,773,4,710004773,1010004773
2,774,4,710004774,1010004774
2,775,4,710004775,1010004775
2,776,4,710004776,1010004776
2,777,4,710004777,1010004777
2,778,4,710004778,1010004778
2,779,4,710004779,1010004779
2,780,4,710004780,1010004780
2,781,4,710004781,1010004781
2,782,4,710004782,1010004782
2,783,4,710004783,1010004783
2,784,4,710004784,1010004784
2,785,4,710004785,1010004785
2,786,4,710004786,1010004786
2,787,4,710004787,1010004787
2,788,4,710004788,1010004788
2,789,4,710004789,1010004789
2,790,4,710004790,1010004790
2,791,4,710004791,1010004791
2,792,4,710004792,1010004792
2,793,4,710004793,1010004793
2,794,4,710004794,1010004794
2,795,4,710004795,1010004795
2,796,4,710004796,1010004796
2,797,4,710004797,1010004797
2,798,4,710004798,1010004798
2,799,4,710004799,1010004799
2,800,4,710004800,1010004800
2,801,4,710004801,1010004801
2,802,4,710004802,1010004802
2,803,4,710004803,1010004803
2,804,4,710004804,1010004804
2,805,4,710004805,1010004805
2,806,4,710004806,1010004806
2,807,4,710004807,1010004807
2,808,4,710004808,1010004808
2,809,4,710004809,1010004809
2,810,4,710004810,1010004810
2,811,4,710004811,1010004811
2,812,4,710004812,1010004812
2,813,4,710004813,1010004813
2,814,4,710004814,1010004814
2,815,4,710004815,1010004815
2,816,4,710004816,1010004816
2,817,4,710004817,1010004817
2,818,4,710004818,1010004818
2,819,4,710004819,1010004819
2,820,4,710004820,1010004820
2,821,4,710004821,1010004821
2,822,4,710004822,1010004822
2,823,4,710004823,1010004823
2,824,4,710004824,1010004824
2,825,4,710004825,1010004825
2,826,4,710004826,1010004826
2,827,4,710004827,1010004827
2,828,4,710004828,1010004828
2,829,4,710004829,1010004829
2,830,4,710004830,1010004830
2,831,4,710004831,1010004831
2,832,4,710004832,1010004832
2,833,4,710004833,1010004833
2,834,4,710004834,1010004834
2,835,4,710004835,1010004835
2,836,4,710004836,1010004836
2,837,4,710004837,1010004837
2,838,4,710004838,1010004838
2,839,4,710004839,1010004839
2,840,4,710004840,1010004840
2,841,4,710004841,1010004841
2,842,4,710004842,1010004842
2,843,4,710004843,1010004843
2,844,4,710004844,1010004844
2,845,4,710004845,1010004845
2,846,4,710004846,1010004846
2,847,4,710004847,1010004847
2,848,4,710004848,1010004848
2,849,4,710004849,1010004849
2,850,4,710004850,1010004850
2,851,4,710004851,1010004851
2,852,4,710004852,1010004852
2,853,4,710004853,1010004853
2,854,4,710004854,1010004854
2,855,4,710004855,1010004855
2,856,4,710004856,1010004856
2,857,4,710004857,1010004857
2,858,4,710004858,1010004858
2,859,4,710004859,1010004859
2,860,4,710004860,1010004860
2,861,4,710004861,1010004861
2,862,4,710004862,1010004862
2,863,4,710004863,1010004863
2,864,4,710004864,1010004864
2,865,4,710004865,1010004865
2,866,4,710004866,1010004866
2,867,4,710004867,1010004867
2,868,4,710004868,1010004868
2,869,4,710004869,1010004869
2,870,4,710004870,1010004870
2,871,4,710004871,1010004871
2,872,4,710004872,1010004872
2,873,4,710004873,1010004873
2,874,4,710004874,1010004874
2,875,4,710004875,1010004875
2,876,4,710004876,1010004876
2,877,4,710004877,1010004877
2,878,4,710004878,1010004878
2,879,4,710004879,1010004879
2,880,4,710004880,1010004880
2,881,4,710004881,1010004881
2,882,4,710004882,1010004882
2,883,4,710004883,1010004883
2,884,4,710004884,1010004884
2,885,4,710004885,1010004885
2,886,4,710004886,1010004886
2,887,4,710004887,1010004887
2,888,4,710004888,1010004888
2,889,4,710004889,1010004889
2,890,4,710004890,1010004890
2,891,4,710004891,1010004891
2,892,4,710004892,1010004892
2,893,4,710004893,1010004893
2,894,4,710004894,1010004894
2,895,4,710004895,1010004895
2,896,4,710004896,1010004896
2,897,4,710004897,1010004897
2,898,4,710004898,1010004898
2,899,4,710004899,1010004899
2,900,4,710004900,1010004900
2,901,4,710004901,1010004901
2,902,4,710004902,1010004902
2,903,4,710004903,1010004903
2,904,4,710004904,1010004904
2,905,4,710004905,1010004905
2,906,4,710004906,1010004906
2,907,4,710004907,1010004907
2,908,4,710004908,1010004908
2,909,4,710004909,1010004909
2,910,4,710004910,1010004910
2,911,4,710004911,1010004911
2,912,4,710004912,1010004912
2,913,4,710004913,1010004913
2,914,4,710004914,1010004914
2,915,4,710004915,1010004915
2,916,4,710004916,1010004916
2,917,4,710004917,1010004917
2,918,4,710004918,1010004918
2,919,4,710004919,1010004919
2,920,4,710004920,1010004920
2,921,4,710004921,1010004921
2,922,4,710004922,1010004922
2,923,4,710004923,1010004923
2,924,4,710004924,1010004924
2,925,4,710004925,1010004925
2,926,4,710004926,1010004926
2,927,4,710004927,1010004927
2,928,4,710004928,1010004928
2,929,4,710004929,1010004929
2,930,4,710004930,1010004930
2,931,4,710004931,1010004931
2,932,4,710004932,1010004932
2,933,4,710004933,1010004933
2,934,4,710004934,1010004934
2,935,4,710004935,1010004935
2,936,4,710004936,1010004936
2,937,4,710004937,1010004937
2,938,4,710004938,1010004938
2,939,4,710004939,1010004939
2,940,4,710004940,1010004940
2,941,4,710004941,1010004941
2,942,4,710004942,1010004942
2,943,4,710004943,1010004943
2,944,4,710004944,1010004944
2,945,4,710004945,1010004945
2,946,4,710004946,1010004946
2,947,4,710004947,1010004947
2,948,4,710004948,1010004948
2,949,4,710004949,1010004949
2,950,4,710004950,1010004950
2,951,4,710004951,1010004951
2,952,4,710004952,1010004952
2,953,4,710004953,1010004953
2,954,4,710004954,1010004954
2,955,4,710004955,1010004955
2,956,4,710004956,1010004956
2,957,4,710004957,1010004957
2,958,4,710004958,1010004958
2,959,4,710004959,1010004959
2,960,4,710004960,1010004960
2,961,4,710004961,1010004961
2,962,4,710004962,1010004962
2,963,4,710004963,1010004963
2,964,4,710004964,1010004964
2,965,4,710004965,1010004965
2,966,4,710004966,1010004966
2,967,4,710004967,1010004967
2,968,4,710004968,1010004968
2,969,4,710004969,1010004969
2,970,4,710004970,1010004970
2,971,4,710004971,1010004971
2,972,4,710004972,1010004972
2,973,4,710004973,1010004973
2,974,4,710004974,1010004974
2,975,4,710004975,1010004975
2,976,4,710004976,1010004976
2,977,4,710004977,1010004977
2,978,4,710004978,1010004978
2,979,4,710004979,1010004979
2,980,4,710004980,1010004980
2,981,4,710004981,1010004981
2,982,4,710004982,1010004982
2,983,4,710004983,1010004983
2,984,4,710004984,1010004984
2,985,4,710004985,1010004985
2,986,4,710004986,1010004986
2,987,4,710004987,1010004987
2,988,4,710004988,1010004988
2,989,4,710004989,1010004989
2,990,4,710004990,1010004990
2,991,4,710004991,1010004991
2,992,4,710004992,1010004992
2,993,4,710004993,1010004993
2,994,4,710004994,1010004994
2,995,4,710004995,1010004995
2,996,4,710004996,1010004996
2,997,4,710004997,1010004997
2,998,4,710004998,1010004998
2,999,4,710004999,1010004999
2,1000,4,710005000,1010005000
3,1,10,710006001,1010006001
3,2,10,710006002,1010006002
3,3,10,710006003,1010006003
3,4,10,710006004,1010006004
3,5,10,710006005,1010006005
3,6,10,710006006,1010006006
3,7,10,710006007,1010006007
3,8,10,710006008,1010006008
3,9,10,710006009,1010006009
3,10,10,710006010,1010006010
3,11,10,710006011,1010006011
3,12,10,710006012,1010006012
3,13,10,710006013,1010006013
3,14,10,710006014,1010006014
3,15,10,710006015,1010006015
3,16,10,710006016,1010006016
3,17,10,710006017,1010006017
3,18,10,710006018,1010006018
3,19,10,710006019,1010006019
3,20,10,710006020,1010006020
3,21,10,710006021,1010006021
3,22,10,710006022,1010006022
3,23,10,710006023,1010006023
3,24,10,710006024,1010006024
3,25,10,710006025,1010006025
3,26,10,710006026,1010006026
3,27,10,710006027,1010006027
3,28,10,710006028,1010006028
3,29,10,710006029,1010006029
3,30,10,710006030,1010006030
3,31,10,710006031,1010006031
3,32,10,710006032,1010006032
3,33,10,710006033,1010006033
3,34,10,710006034,1010006034
3,35,10,710006035,1010006035
3,36,10,710006036,1010006036
3,37,10,710006037,1010006037
3,38,10,710006038,1010006038
3,39,10,710006039,1010006039
3,40,10,710006040,1010006040
3,41,10,710006041,1010006041
3,42,10,710006042,1010006042
3,43,10,710006043,1010006043
3,44,10,710006044,1010006044
3,45,10,710006045,1010006045
3,46,10,710006046,1010006046
3,47,10,710006047,1010006047
3,48,10,710006048,1010006048
3,49,10,710006049,1010006049
3,50,10,710006050,1010006050
3,51,10,710006051,1010006051
3,52,10,710006052,1010006052
3,53,10,710006053,1010006053
3,54,10,710006054,1010006054
3,55,10,710006055,1010006055
3,56,10,710006056,1010006056
3,57,10,710006057,1010006057
3,58,10,710006058,1010006058
3,59,10,710006059,1010006059
3,60,10,710006060,1010006060
3,61,10,710006061,1010006061
3,62,10,710006062,1010006062
3,63,10,710006063,1010006063
3,64,10,710006064,1010006064
3,65,10,710006065,1010006065
3,66,10,710006066,1010006066
3,67,10,710006067,1010006067
3,68,10,710006068,1010006068
3,69,10,710006069,1010006069
3,70,10,710006070,1010006070
3,71,10,710006071,1010006071
3,72,10,710006072,1010006072
3,73,10,710006073,1010006073
3,74,10,710006074,1010006074
3,75,10,710006075,1010006075
3,76,10,710006076,1010006076
3,77,10,710006077,1010006077
3,78,10,710006078,1010006078
3,79,10,710006079,1010006079
3,80,10,710006080,1010006080
3,81,10,710006081,1010006081
3,82,10,710006082,1010006082
3,83,10,710006083,1010006083
3,84,10,710006084,1010006084
3,85,10,710006085,1010006085
3,86,10,710006086,1010006086
3,87,10,710006087,1010006087
3,88,10,710006088,1010006088
3,89,10,710006089,1010006089
3,90,10,710006090,1010006090
3,91,10,710006091,1010006091
3,92,10,710006092,1010006092
3,93,10,710006093,1010006093
3,94,10,710006094,1010006094
3,95,10,710006095,1010006095
3,96,10,710006096,1010006096
3,97,10,710006097,1010006097
3,98,10,710006098,1010006098
3,99,10,710006099,1010006099
3,100,10,710006100,1010006100
3,101,10,710006101,1010006101
3,102,10,710006102,1010006102
3,103,10,710006103,1010006103
3,104,10,710006104,1010006104
3,105,10,710006105,1010006105
3,106,10,710006106,1010006106
3,107,10,710006107,1010006107
3,108,10,710006108,1010006108
3,109,10,710006109,1010006109
3,110,10,710006110,1010006110
3,111,10,710006111,1010006111
3,112,10,710006112,1010006112
3,113,10,710006113,1010006113
3,114,10,710006114,1010006114
3,115,10,710006115,1010006115
3,116,10,710006116,1010006116
3,117,10,710006117,1010006117
3,118,10,710006118,1010006118
3,119,10,710006119,1010006119
3,120,10,710006120,1010006120
3,121,10,710006121,1010006121
3,122,10,710006122,1010006122
3,123,10,710006123,1010006123
3,124,10,710006124,1010006124
3,125,10,710006125,1010006125
3,126,10,710006126,1010006126
3,127,10,710006127,1010006127
3,128,10,710006128,1010006128
3,129,10,710006129,1010006129
3,130,10,710006130,1010006130
3,131,10,710006131,1010006131
3,132,10,710006132,1010006132
3,133,10,710006133,1010006133
3,134,10,710006134,1010006134
3,135,10,710006135,1010006135
3,136,10,710006136,1010006136
3,137,10,710006137,1010006137
3,138,10,710006138,1010006138
3,139,10,710006139,1010006139
3,140,10,710006140,1010006140
3,141,10,710006141,1010006141
3,142,10,710006142,1010006142
3,143,10,710006143,1010006143
3,144,10,710006144,1010006144
3,145,10,710006145,1010006145
3,146,10,710006146,1010006146
3,147,10,710006147,1010006147
3,148,10,710006148,1010006148
3,149,10,710006149,1010006149
3,150,10,710006150,1010006150
3,151,10,710006151,1010006151
3,152,10,710006152,1010006152
3,153,10,710006153,1010006153
3,154,10,710006154,1010006154
3,155,10,710006155,1010006155
3,156,10,710006156,1010006156
3,157,10,710006157,1010006157
3,158,10,710006158,1010006158
3,159,10,710006159,1010006159
3,160,10,710006160,1010006160
3,161,10,710006161,1010006161
3,162,10,710006162,1010006162
3,163,10,710006163,1010006163
3,164,10,710006164,1010006164
3,165,10,710006165,1010006165
3,166,10,710006166,1010006166
3,167,10,710006167,1010006167
3,168,10,710006168,1010006168
3,169,10,710006169,1010006169
3,170,10,710006170,1010006170
3,171,10,710006171,1010006171
3,172,10,710006172,1010006172
3,173,10,710006173,1010006173
3,174,10,710006174,1010006174
3,175,10,710006175,1010006175
3,176,10,710006176,1010006176
3,177,10,710006177,1010006177
3,178,10,710006178,1010006178
3,179,10,710006179,1010006179
3,180,10,710006180,1010006180
3,181,10,710006181,1010006181
3,182,10,710006182,1010006182
3,183,10,710006183,1010006183
3,184,10,710006184,1010006184
3,185,10,710006185,1010006185
3,186,10,710006186,1010006186
3,187,10,710006187,1010006187
3,188,10,710006188,1010006188
3,189,10,710006189,1010006189
3,190,10,710006190,1010006190
3,191,10,710006191,1010006191
3,192,10,710006192,1010006192
3,193,10,710006193,1010006193
3,194,10,710006194,1010006194
3,195,10,710006195,1010006195
3,196,10,710006196,1010006196
3,197,10,710006197,1010006197
3,198,10,710006198,1010006198
3,199,10,710006199,1010006199
3,200,10,710006200,1010006200
3,201,10,710006201,1010006201
3,202,10,710006202,1010006202
3,203,10,710006203,1010006203
3,204,10,710006204,1010006204
3,205,10,710006205,1010006205
3,206,10,710006206,1010006206
3,207,10,710006207,1010006207
3,208,10,710006208,1010006208
3,209,10,710006209,1010006209
3,210,10,710006210,1010006210
3,211,10,710006211,1010006211
3,212,10,710006212,1010006212
3,213,10,710006213,1010006213
3,214,10,710006214,1010006214
3,215,10,710006215,1010006215
3,216,10,710006216,1010006216
3,217,10,710006217,1010006217
3,218,10,710006218,1010006218
3,219,10,710006219,1010006219
3,220,10,710006220,1010006220
3,221,10,710006221,1010006221
3,222,10,710006222,1010006222
3,223,10,710006223,1010006223
3,224,10,710006224,1010006224
3,225,10,710006225,1010006225
3,226,10,710006226,1010006226
3,227,10,710006227,1010006227
3,228,10,710006228,1010006228
3,229,10,710006229,1010006229
3,230,10,710006230,1010006230
3,231,10,710006231,1010006231
3,232,10,710006232,1010006232
3,233,10,710006233,1010006233
3,234,10,710006234,1010006234
3,235,10,710006235,1010006235
3,236,10,710006236,1010006236
3,237,10,710006237,1010006237
3,238,10,710006238,1010006238
3,239,10,710006239,1010006239
3,240,10,710006240,1010006240
3,241,10,710006241,1010006241
3,242,10,710006242,1010006242
3,243,10,710006243,1010006243
3,244,10,710006244,1010006244
3,245,10,710006245,1010006245
3,246,10,710006246,1010006246
3,247,10,710006247,1010006247
3,248,10,710006248,1010006248
3,249,10,710006249,1010006249
3,250,10,710006250,1010006250
3,251,10,710006251,1010006251
3,252,10,710006252,1010006252
3,253,10,710006253,1010006253
3,254,10,710006254,1010006254
3,255,10,710006255,1010006255
3,256,10,710006256,1010006256
3,257,10,710006257,1010006257
3,258,10,710006258,1010006258
3,259,10,710006259,1010006259
3,260,10,710006260,1010006260
3,261,10,710006261,1010006261
3,262,10,710006262,1010006262
3,263,10,710006263,1010006263
3,264,10,710006264,1010006264
3,265,10,710006265,1010006265
3,266,10,710006266,1010006266
3,267,10,710006267,1010006267
3,268,10,710006268,1010006268
3,269,10,710006269,1010006269
3,270,10,710006270,1010006270
3,271,10,710006271,1010006271
3,272,10,710006272,1010006272
3,273,10,710006273,1010006273
3,274,10,710006274,1010006274
3,275,10,710006275,1010006275
3,276,10,710006276,1010006276
3,277,10,710006277,1010006277
3,278,10,710006278,1010006278
3,279,10,710006279,1010006279
3,280,10,710006280,1010006280
3,281,10,710006281,1010006281
3,282,10,710006282,1010006282
3,283,10,710006283,1010006283
3,284,10,710006284,1010006284
3,285,10,710006285,1010006285
3,286,10,710006286,1010006286
3,287,10,710006287,1010006287
3,288,10,710006288,1010006288
3,289,10,710006289,1010006289
3,290,10,710006290,1010006290
3,291,10,710006291,1010006291
3,292,10,710006292,1010006292
3,293,10,710006293,1010006293
3,294,10,710006294,1010006294
3,295,10,710006295,1010006295
3,296,10,710006296,1010006296
3,297,10,710006297,1010006297
3,298,10,710006298,1010006298
3,299,10,710006299,1010006299
3,300,10,710006300,1010006300
3,301,10,710006301,1010006301
3,302,10,710006302,1010006302
3,303,10,710006303,1010006303
3,304,10,710006304,1010006304
3,305,10,710006305,1010006305
3,306,10,710006306,1010006306
3,307,10,710006307,1010006307
3,308,10,710006308,1010006308
3,309,10,710006309,1010006309
3,310,10,710006310,1010006310
3,311,10,710006311,1010006311
3,312,10,710006312,1010006312
3,313,10,710006313,1010006313
3,314,10,710006314,1010006314
3,315,10,710006315,1010006315
3,316,10,710006316,1010006316
3,317,10,710006317,1010006317
3,318,10,710006318,1010006318
3,319,10,710006319,1010006319
3,320,10,710006320,1010006320
3,321,10,710006321,1010006321
3,322,10,710006322,1010006322
3,323,10,710006323,1010006323
3,324,10,710006324,1010006324
3,325,10,710006325,1010006325
3,326,10,710006326,1010006326
3,327,10,710006327,1010006327
3,328,10,710006328,1010006328
3,329,10,710006329,1010006329
3,330,10,710006330,1010006330
3,331,10,710006331,1010006331
3,332,10,710006332,1010006332
3,333,10,710006333,1010006333
3,334,10,710006334,1010006334
3,335,10,710006335,1010006335
3,336,10,710006336,1010006336
3,337,10,710006337,1010006337
3,338,10,710006338,1010006338
3,339,10,710006339,1010006339
3,340,10,710006340,1010006340
3,341,10,710006341,1010006341
3,342,10,710006342,1010006342
3,343,10,710006343,1010006343
3,344,10,710006344,1010006344
3,345,10,710006345,1010006345
3,346,10,710006346,1010006346
3,347,10,710006347,1010006347
3,348,10,710006348,1010006348
3,349,10,710006349,1010006349
3,350,10,710006350,1010006350
3,351,10,710006351,1010006351
3,352,10,710006352,1010006352
3,353,10,710006353,1010006353
3,354,10,710006354,1010006354
3,355,10,710006355,1010006355
3,356,10,710006356,1010006356
3,357,10,710006357,1010006357
3,358,10,710006358,1010006358
3,359,10,710006359,1010006359
3,360,10,710006360,1010006360
3,361,10,710006361,1010006361
3,362,10,710006362,1010006362
3,363,10,710006363,1010006363
3,364,10,710006364,1010006364
3,365,10,710006365,1010006365
3,366,10,710006366,1010006366
3,367,10,710006367,1010006367
3,368,10,710006368,1010006368
3,369,10,710006369,1010006369
3,370,10,710006370,1010006370
3,371,10,710006371,1010006371
3,372,10,710006372,1010006372
3,373,10,710006373,1010006373
3,374,10,710006374,1010006374
3,375,10,710006375,1010006375
3,376,10,710006376,1010006376
3,377,10,710006377,1010006377
3,378,10,710006378,1010006378
3,379,10,710006379,1010006379
3,380,10,710006380,1010006380
3,381,10,710006381,1010006381
3,382,10,710006382,1010006382
3,383,10,710006383,1010006383
3,384,10,710006384,1010006384
3,385,10,710006385,1010006385
3,386,10,710006386,1010006386
3,387,10,710006387,1010006387
3,388,10,710006388,1010006388
3,389,10,710006389,1010006389
3,390,10,710006390,1010006390
3,391,10,710006391,1010006391
3,392,10,710006392,1010006392
3,393,10,710006393,1010006393
3,394,10,710006394,1010006394
3,395,10,710006395,1010006395
3,396,10,710006396,1010006396
3,397,10,710006397,1010006397
3,398,10,710006398,1010006398
3,399,10,710006399,1010006399
3,400,10,710006400,1010006400
3,401,10,710006401,1010006401
3,402,10,710006402,1010006402
3,403,10,710006403,1010006403
3,404,10,710006404,1010006404
3,405,10,710006405,1010006405
3,406,10,710006406,1010006406
3,407,10,710006407,1010006407
3,408,10,710006408,1010006408
3,409,10,710006409,1010006409
3,410,10,710006410,1010006410
3,411,10,710006411,1010006411
3,412,10,710006412,1010006412
3,413,10,710006413,1010006413
3,414,10,710006414,1010006414
3,415,10,710006415,1010006415
3,416,10,710006416,1010006416
3,417,10,710006417,1010006417
3,418,10,710006418,1010006418
3,419,10,710006419,1010006419
3,420,10,710006420,1010006420
3,421,10,710006421,1010006421
3,422,10,710006422,1010006422
3,423,10,710006423,1010006423
3,424,10,710006424,1010006424
3,425,10,710006425,1010006425
3,426,10,710006426,1010006426
3,427,10,710006427,1010006427
3,428,10,710006428,1010006428
3,429,10,710006429,1010006429
3,430,10,710006430,1010006430
3,431,10,710006431,1010006431
3,432,10,710006432,1010006432
3,433,10,710006433,1010006433
3,434,10,710006434,1010006434
3,435,10,710006435,1010006435
3,436,10,710006436,1010006436
3,437,10,710006437,1010006437
3,438,10,710006438,1010006438
3,439,10,710006439,1010006439
3,440,10,710006440,1010006440
3,441,10,710006441,1010006441
3,442,10,710006442,1010006442
3,443,10,710006443,1010006443
3,444,10,710006444,1010006444
3,445,10,710006445,1010006445
3,446,10,710006446,1010006446
3,447,10,710006447,1010006447
3,448,10,710006448,1010006448
3,449,10,710006449,1010006449
3,450,10,710006450,1010006450
3,451,10,710006451,1010006451
3,452,10,710006452,1010006452
3,453,10,710006453,1010006453
3,454,10,710006454,1010006454
3,455,10,710006455,1010006455
3,456,10,710006456,1010006456
3,457,10,710006457,1010006457
3,458,10,710006458,1010006458
3,459,10,710006459,1010006459
3,460,10,710006460,1010006460
3,461,10,710006461,1010006461
3,462,10,710006462,1010006462
3,463,10,710006463,1010006463
3,464,10,710006464,1010006464
3,465,10,710006465,1010006465
3,466,10,710006466,1010006466
3,467,10,710006467,1010006467
3,468,10,710006468,1010006468
3,469,10,710006469,1010006469
3,470,10,710006470,1010006470
3,471,10,710006471,1010006471
3,472,10,710006472,1010006472
3,473,10,710006473,1010006473
3,474,10,710006474,1010006474
3,475,10,710006475,1010006475
3,476,10,710006476,1010006476
3,477,10,710006477,1010006477
3,478,10,710006478,1010006478
3,479,10,710006479,1010006479
3,480,10,710006480,1010006480
3,481,10,710006481,1010006481
3,482,10,710006482,1010006482
3,483,10,710006483,1010006483
3,484,10,710006484,1010006484
3,485,10,710006485,1010006485
3,486,10,710006486,1010006486
3,487,10,710006487,1010006487
3,488,10,710006488,1010006488
3,489,10,710006489,1010006489
3,490,10,710006490,1010006490
3,491,10,710006491,1010006491
3,492,10,710006492,1010006492
3,493,10,710006493,1010006493
3,494,10,710006494,1010006494
3,495,10,710006495,1010006495
3,496,10,710006496,1010006496
3,497,10,710006497,1010006497
3,498,10,710006498,1010006498
3,499,10,710006499,1010006499
3,500,10,710006500,1010006500
3,501,10,710006501,1010006501
3,502,10,710006502,1010006502
3,503,10,710006503,1010006503
3,504,10,710006504,1010006504
3,505,10,710006505,1010006505
3,506,10,710006506,1010006506
3,507,10,710006507,1010006507
3,508,10,710006508,1010006508
3,509,10,710006509,1010006509
3,510,10,710006510,1010006510
3,511,10,710006511,1010006511
3,512,10,710006512,1010006512
3,513,10,710006513,1010006513
3,514,10,710006514,1010006514
3,515,10,710006515,1010006515
3,516,10,710006516,1010006516
3,517,10,710006517,1010006517
3,518,10,710006518,1010006518
3,519,10,710006519,1010006519
3,520,10,710006520,1010006520
3,521,10,710006521,1010006521
3,522,10,710006522,1010006522
3,523,10,710006523,1010006523
3,524,10,710006524,1010006524
3,525,10,710006525,1010006525
3,526,10,710006526,1010006526
3,527,10,710006527,1010006527
3,528,10,710006528,1010006528
3,529,10,710006529,1010006529
3,530,10,710006530,1010006530
3,531,10,710006531,1010006531
3,532,10,710006532,1010006532
3,533,10,710006533,1010006533
3,534,10,710006534,1010006534
3,535,10,710006535,1010006535
3,536,10,710006536,1010006536
3,537,10,710006537,1010006537
3,538,10,710006538,1010006538
3,539,10,710006539,1010006539
3,540,10,710006540,1010006540
3,541,10,710006541,1010006541
3,542,10,710006542,1010006542
3,543,10,710006543,1010006543
3,544,10,710006544,1010006544
3,545,10,710006545,1010006545
3,546,10,710006546,1010006546
3,547,10,710006547,1010006547
3,548,10,710006548,1010006548
3,549,10,710006549,1010006549
3,550,10,710006550,1010006550
3,551,10,710006551,1010006551
3,552,10,710006552,1010006552
3,553,10,710006553,1010006553
3,554,10,710006554,1010006554
3,555,10,710006555,1010006555
3,556,10,710006556,1010006556
3,557,10,710006557,1010006557
3,558,10,710006558,1010006558
3,559,10,710006559,1010006559
3,560,10,710006560,1010006560
3,561,10,710006561,1010006561
3,562,10,710006562,1010006562
3,563,10,710006563,1010006563
3,564,10,710006564,1010006564
3,565,10,710006565,1010006565
3,566,10,710006566,1010006566
3,567,10,710006567,1010006567
3,568,10,710006568,1010006568
3,569,10,710006569,1010006569
3,570,10,710006570,1010006570
3,571,10,710006571,1010006571
3,572,10,710006572,1010006572
3,573,10,710006573,1010006573
3,574,10,710006574,1010006574
3,575,10,710006575,1010006575
3,576,10,710006576,1010006576
3,577,10,710006577,1010006577
3,578,10,710006578,1010006578
3,579,10,710006579,1010006579
3,580,10,710006580,1010006580
3,581,10,710006581,1010006581
3,582,10,710006582,1010006582
3,583,10,710006583,1010006583
3,584,10,710006584,1010006584
3,585,10,710006585,1010006585
3,586,10,710006586,1010006586
3,587,10,710006587,1010006587
3,588,10,710006588,1010006588
3,589,10,710006589,1010006589
3,590,10,710006590,1010006590
3,591,10,710006591,1010006591
3,592,10,710006592,1010006592
3,593,10,710006593,1010006593
3,594,10,710006594,1010006594
3,595,10,710006595,1010006595
3,596,10,710006596,1010006596
3,597,10,710006597,1010006597
3,598,10,710006598,1010006598
3,599,10,710006599,1010006599
3,600,10,710006600,1010006600
3,601,10,710006601,1010006601
3,602,10,710006602,1010006602
3,603,10,710006603,1010006603
3,604,10,710006604,1010006604
3,605,10,710006605,1010006605
3,606,10,710006606,1010006606
3,607,10,710006607,1010006607
3,608,10,710006608,1010006608
3,609,10,710006609,1010006609
3,610,10,710006610,1010006610
3,611,10,710006611,1010006611
3,612,10,710006612,1010006612
3,613,10,710006613,1010006613
3,614,10,710006614,1010006614
3,615,10,710006615,1010006615
3,616,10,710006616,1010006616
3,617,10,710006617,1010006617
3,618,10,710006618,1010006618
3,619,10,710006619,1010006619
3,620,10,710006620,1010006620
3,621,10,710006621,1010006621
3,622,10,710006622,1010006622
3,623,10,710006623,1010006623
3,624,10,710006624,1010006624
3,625,10,710006625,1010006625
3,626,10,710006626,1010006626
3,627,10,710006627,1010006627
3,628,10,710006628,1010006628
3,629,10,710006629,1010006629
3,630,10,710006630,1010006630
3,631,10,710006631,1010006631
3,632,10,710006632,1010006632
3,633,10,710006633,1010006633
3,634,10,710006634,1010006634
3,635,10,710006635,1010006635
3,636,10,710006636,1010006636
3,637,10,710006637,1010006637
3,638,10,710006638,1010006638
3,639,10,710006639,1010006639
3,640,10,710006640,1010006640
3,641,10,710006641,1010006641
3,642,10,710006642,1010006642
3,643,10,710006643,1010006643
3,644,10,710006644,1010006644
3,645,10,710006645,1010006645
3,646,10,710006646,1010006646
3,647,10,710006647,1010006647
3,648,10,710006648,1010006648
3,649,10,710006649,1010006649
3,650,10,710006650,1010006650
3,651,10,710006651,1010006651
3,652,10,710006652,1010006652
3,653,10,710006653,1010006653
3,654,10,710006654,1010006654
3,655,10,710006655,1010006655
3,656,10,710006656,1010006656
3,657,10,710006657,1010006657
3,658,10,710006658,1010006658
3,659,10,710006659,1010006659
3,660,10,710006660,1010006660
3,661,10,710006661,1010006661
3,662,10,710006662,1010006662
3,663,10,710006663,1010006663
3,664,10,710006664,1010006664
3,665,10,710006665,1010006665
3,666,10,710006666,1010006666
3,667,10,710006667,1010006667
3,668,10,710006668,1010006668
3,669,10,710006669,1010006669
3,670,10,710006670,1010006670
3,671,10,710006671,1010006671
3,672,10,710006672,1010006672
3,673,10,710006673,1010006673
3,674,10,710006674,1010006674
3,675,10,710006675,1010006675
3,676,10,710006676,1010006676
3,677,10,710006677,1010006677
3,678,10,710006678,1010006678
3,679,10,710006679,1010006679
3,680,10,710006680,1010006680
3,681,10,710006681,1010006681
3,682,10,710006682,1010006682
3,683,10,710006683,1010006683
3,684,10,710006684,1010006684
3,685,10,710006685,1010006685
3,686,10,710006686,1010006686
3,687,10,710006687,1010006687
3,688,10,710006688,1010006688
3,689,10,710006689,1010006689
3,690,10,710006690,1010006690
3,691,10,710006691,1010006691
3,692,10,710006692,1010006692
3,693,10,710006693,1010006693
3,694,10,710006694,1010006694
3,695,10,710006695,1010006695
3,696,10,710006696,1010006696
3,697,10,710006697,1010006697
3,698,10,710006698,1010006698
3,699,10,710006699,1010006699
3,700,10,710006700,1010006700
3,701,10,710006701,1010006701
3,702,10,710006702,1010006702
3,703,10,710006703,1010006703
3,704,10,710006704,1010006704
3,705,10,710006705,1010006705
3,706,10,710006706,1010006706
3,707,10,710006707,1010006707
3,708,10,710006708,1010006708
3,709,10,710006709,1010006709
3,710,10,710006710,1010006710
3,711,10,710006711,1010006711
3,712,10,710006712,1010006712
3,713,10,710006713,1010006713
3,714,10,710006714,1010006714
3,715,10,710006715,1010006715
3,716,10,710006716,1010006716
3,717,10,710006717,1010006717
3,718,10,710006718,1010006718
3,719,10,710006719,1010006719
3,720,10,710006720,1010006720
3,721,10,710006721,1010006721
3,722,10,710006722,1010006722
3,723,10,710006723,1010006723
3,724,10,710006724,1010006724
3,725,10,710006725,1010006725
3,726,10,710006726,1010006726
3,727,10,710006727,1010006727
3,728,10,710006728,1010006728
3,729,10,710006729,1010006729
3,730,10,710006730,1010006730
3,731,10,710006731,1010006731
3,732,10,710006732,1010006732
3,733,10,710006733,1010006733
3,734,10,710006734,1010006734
3,735,10,710006735,1010006735
3,736,10,710006736,1010006736
3,737,10,710006737,1010006737
3,738,10,710006738,1010006738
3,739,10,710006739,1010006739
3,740,10,710006740,1010006740
3,741,10,710006741,1010006741
3,742,10,710006742,1010006742
3,743,10,710006743,1010006743
3,744,10,710006744,1010006744
3,745,10,710006745,1010006745
3,746,10,710006746,1010006746
3,747,10,710006747,1010006747
3,748,10,710006748,1010006748
3,749,10,710006749,1010006749
3,750,10,710006750,1010006750
3,751,10,710006751,1010006751
3,752,10,710006752,1010006752
3,753,10,710006753,1010006753
3,754,10,710006754,1010006754
3,755,10,710006755,1010006755
3,756,10,710006756,1010006756
3,757,10,710006757,1010006757
3,758,10,710006758,1010006758
3,759,10,710006759,1010006759
3,760,10,710006760,1010006760
3,761,10,710006761,1010006761
3,762,10,710006762,1010006762
3,763,10,710006763,1010006763
3,764,10,710006764,1010006764
3,765,10,710006765,1010006765
3,766,10,710006766,1010006766
3,767,10,710006767,1010006767
3,768,10,710006768,1010006768
3,769,10,710006769,1010006769
3,770,10,710006770,1010006770
3,771,10,710006771,1010006771
3,772,10,710006772,1010006772
3,773,10,710006773,1010006773
3,774,10,710006774,1010006774
3,775,10,710006775,1010006775
3,776,10,710006776,1010006776
3,777,10,710006777,1010006777
3,778,10,710006778,1010006778
3,779,10,710006779,1010006779
3,780,10,710006780,1010006780
3,781,10,710006781,1010006781
3,782,10,710006782,1010006782
3,783,10,710006783,1010006783
3,784,10,710006784,1010006784
3,785,10,710006785,1010006785
3,786,10,710006786,1010006786
3,787,10,710006787,1010006787
3,788,10,710006788,1010006788
3,789,10,710006789,1010006789
3,790,10,710006790,1010006790
3,791,10,710006791,1010006791
3,792,10,710006792,1010006792
3,793,10,710006793,1010006793
3,794,10,710006794,1010006794
3,795,10,710006795,1010006795
3,796,10,710006796,1010006796
3,797,10,710006797,1010006797
3,798,10,710006798,1010006798
3,799,10,710006799,1010006799
3,800,10,710006800,1010006800
3,801,10,710006801,1010006801
3,802,10,710006802,1010006802
3,803,10,710006803,1010006803
3,804,10,710006804,1010006804
3,805,10,710006805,1010006805
3,806,10,710006806,1010006806
3,807,10,710006807,1010006807
3,808,10,710006808,1010006808
3,809,10,710006809,1010006809
3,810,10,710006810,1010006810
3,811,10,710006811,1010006811
3,812,10,710006812,1010006812
3,813,10,710006813,1010006813
3,814,10,710006814,1010006814
3,815,10,710006815,1010006815
3,816,10,710006816,1010006816
3,817,10,710006817,1010006817
3,818,10,710006818,1010006818
3,819,10,710006819,1010006819
3,820,10,710006820,1010006820
3,821,10,710006821,1010006821
3,822,10,710006822,1010006822
3,823,10,710006823,1010006823
3,824,10,710006824,1010006824
3,825,10,710006825,1010006825
3,826,10,710006826,1010006826
3,827,10,710006827,1010006827
3,828,10,710006828,1010006828
3,829,10,710006829,1010006829
3,830,10,710006830,1010006830
3,831,10,710006831,1010006831
3,832,10,710006832,1010006832
3,833,10,710006833,1010006833
3,834,10,710006834,1010006834
3,835,10,710006835,1010006835
3,836,10,710006836,1010006836
3,837,10,710006837,1010006837
3,838,10,710006838,1010006838
3,839,10,710006839,1010006839
3,840,10,710006840,1010006840
3,841,10,710006841,1010006841
3,842,10,710006842,1010006842
3,843,10,710006843,1010006843
3,844,10,710006844,1010006844
3,845,10,710006845,1010006845
3,846,10,710006846,1010006846
3,847,10,710006847,1010006847
3,848,10,710006848,1010006848
3,849,10,710006849,1010006849
3,850,10,710006850,1010006850
3,851,10,710006851,1010006851
3,852,10,710006852,1010006852
3,853,10,710006853,1010006853
3,854,10,710006854,1010006854
3,855,10,710006855,1010006855
3,856,10,710006856,1010006856
3,857,10,710006857,1010006857
3,858,10,710006858,1010006858
3,859,10,710006859,1010006859
3,860,10,710006860,1010006860
3,861,10,710006861,1010006861
3,862,10,710006862,1010006862
3,863,10,710006863,1010006863
3,864,10,710006864,1010006864
3,865,10,710006865,1010006865
3,866,10,710006866,1010006866
3,867,10,710006867,1010006867
3,868,10,710006868,1010006868
3,869,10,710006869,1010006869
3,870,10,710006870,1010006870
3,871,10,710006871,1010006871
3,872,10,710006872,1010006872
3,873,10,710006873,1010006873
3,874,10,710006874,1010006874
3,875,10,710006875,1010006875
3,876,10,710006876,1010006876
3,877,10,710006877,1010006877
3,878,10,710006878,1010006878
3,879,10,710006879,1010006879
3,880,10,710006880,1010006880
3,881,10,710006881,1010006881
3,882,10,710006882,1010006882
3,883,10,710006883,1010006883
3,884,10,710006884,1010006884
3,885,10,710006885,1010006885
3,886,10,710006886,1010006886
3,887,10,710006887,1010006887
3,888,10,710006888,1010006888
3,889,10,710006889,1010006889
3,890,10,710006890,1010006890
3,891,10,710006891,1010006891
3,892,10,710006892,1010006892
3,893,10,710006893,1010006893
3,894,10,710006894,1010006894
3,895,10,710006895,1010006895
3,896,10,710006896,1010006896
3,897,10,710006897,1010006897
3,898,10,710006898,1010006898
3,899,10,710006899,1010006899
3,900,10,710006900,1010006900
3,901,10,710006901,1010006901
3,902,10,710006902,1010006902
3,903,10,710006903,1010006903
3,904,10,710006904,1010006904
3,905,10,710006905,1010006905
3,906,10,710006906,1010006906
3,907,10,710006907,1010006907
3,908,10,710006908,1010006908
3,909,10,710006909,1010006909
3,910,10,710006910,1010006910
3,911,10,710006911,1010006911
3,912,10,710006912,1010006912
3,913,10,710006913,1010006913
3,914,10,710006914,1010006914
3,915,10,710006915,1010006915
3,916,10,710006916,1010006916
3,917,10,710006917,1010006917
3,918,10,710006918,1010006918
3,919,10,710006919,1010006919
3,920,10,710006920,1010006920
3,921,10,710006921,1010006921
3,922,10,710006922,1010006922
3,923,10,710006923,1010006923
3,924,10,710006924,1010006924
3,925,10,710006925,1010006925
3,926,10,710006926,1010006926
3,927,10,710006927,1010006927
3,928,10,710006928,1010006928
3,929,10,710006929,1010006929
3,930,10,710006930,1010006930
3,931,10,710006931,1010006931
3,932,10,710006932,1010006932
3,933,10,710006933,1010006933
3,934,10,710006934,1010006934
3,935,10,710006935,1010006935
3,936,10,710006936,1010006936
3,937,10,710006937,1010006937
3,938,10,710006938,1010006938
3,939,10,710006939,1010006939
3,940,10,710006940,1010006940
3,941,10,710006941,1010006941
3,942,10,710006942,1010006942
3,943,10,710006943,1010006943
3,944,10,710006944,1010006944
3,945,10,710006945,1010006945
3,946,10,710006946,1010006946
3,947,10,710006947,1010006947
3,948,10,710006948,1010006948
3,949,10,710006949,1010006949
3,950,10,710006950,1010006950
3,951,10,710006951,1010006951
3,952,10,710006952,1010006952
3,953,10,710006953,1010006953
3,954,10,710006954,1010006954
3,955,10,710006955,1010006955
3,956,10,710006956,1010006956
3,957,10,710006957,1010006957
3,958,10,710006958,1010006958
3,959,10,710006959,1010006959
3,960,10,710006960,1010006960
3,961,10,710006961,1010006961
3,962,10,710006962,1010006962
3,963,10,710006963,1010006963
3,964,10,710006964,1010006964
3,965,10,710006965,1010006965
3,966,10,710006966,1010006966
3,967,10,710006967,1010006967
3,968,10,710006968,1010006968
3,969,10,710006969,1010006969
3,970,10,710006970,1010006970
3,971,10,710006971,1010006971
3,972,10,710006972,1010006972
3,973,10,710006973,1010006973
3,974,10,710006974,1010006974
3,975,10,710006975,1010006975
3,976,10,710006976,1010006976
3,977,10,710006977,1010006977
3,978,10,710006978,1010006978
3,979,10,710006979,1010006979
3,980,10,710006980,1010006980
3,981,10,710006981,1010006981
3,982,10,710006982,1010006982
3,983,10,710006983,1010006983
3,984,10,710006984,1010006984
3,985,10,710006985,1010006985
3,986,10,710006986,1010006986
3,987,10,710006987,1010006987
3,988,10,710006988,1010006988
3,989,10,710006989,1010006989
3,990,10,710006990,1010006990
3,991,10,710006991,1010006991
3,992,10,710006992,1010006992
3,993,10,710006993,1010006993
3,994,10,710006994,1010006994
3,995,10,710006995,1010006995
3,996,10,710006996,1010006996
3,997,10,710006997,1010006997
3,998,10,710006998,1010006998
3,999,10,710006999,1010006999
3,1000,10,710007000,1010007000
